,count,crime,end_date,population,sector,start_date
0,23,HOMICIDIO DOLOSO,2021-05,171082.0,ABASTO-REFORMA,2020-06
1,9,HOMICIDIO DOLOSO,2021-05,190052.0,ALPES,2020-06
2,7,HOMICIDIO DOLOSO,2021-05,25606.0,ANGEL-ZONA ROSA,2020-06
3,19,HOMICIDIO DOLOSO,2021-05,147265.0,ARAGON,2020-06
4,6,HOMICIDIO DOLOSO,2021-05,76922.0,ARENAL,2020-06
5,20,HOMICIDIO DOLOSO,2021-05,126770.0,ASTURIAS,2020-06
6,8,HOMICIDIO DOLOSO,2021-05,94564.0,BUENAVISTA,2020-06
7,3,HOMICIDIO DOLOSO,2021-05,44719.0,CHAPULTEPEC,2020-06
8,17,HOMICIDIO DOLOSO,2021-05,117997.0,CHURUBUSCO,2020-06
9,10,HOMICIDIO DOLOSO,2021-05,144779.0,CLAVERIA,2020-06
10,3,HOMICIDIO DOLOSO,2021-05,93641.0,COAPA,2020-06
11,18,HOMICIDIO DOLOSO,2021-05,33787.0,CONGRESO,2020-06
12,27,HOMICIDIO DOLOSO,2021-05,67697.0,CONSULADO,2020-06
13,8,HOMICIDIO DOLOSO,2021-05,18851.0,CORREDOR-CENTRO,2020-06
14,0,HOMICIDIO DOLOSO,2021-05,65669.0,COYOACAN,2020-06
15,3,HOMICIDIO DOLOSO,2021-05,101270.0,CUAJIMALPA,2020-06
16,41,HOMICIDIO DOLOSO,2021-05,280497.0,CUAUTEPEC,2020-06
17,9,HOMICIDIO DOLOSO,2021-05,93702.0,CUCHILLA,2020-06
18,6,HOMICIDIO DOLOSO,2021-05,70802.0,CUITLAHUAC,2020-06
19,9,HOMICIDIO DOLOSO,2021-05,150082.0,CULHUACAN,2020-06
20,0,HOMICIDIO DOLOSO,2021-05,83772.0,DEL VALLE,2020-06
21,4,HOMICIDIO DOLOSO,2021-05,94133.0,DINAMO,2020-06
22,8,HOMICIDIO DOLOSO,2021-05,80579.0,EL YAQUI,2020-06
23,22,HOMICIDIO DOLOSO,2021-05,177825.0,ESTRELLA,2020-06
24,49,HOMICIDIO DOLOSO,2021-05,187026.0,FUENTE,2020-06
25,7,HOMICIDIO DOLOSO,2021-05,95686.0,GRANJAS,2020-06
26,16,HOMICIDIO DOLOSO,2021-05,136444.0,HORMIGA,2020-06
27,21,HOMICIDIO DOLOSO,2021-05,174817.0,HUIPULCO-HOSPITALES,2020-06
28,13,HOMICIDIO DOLOSO,2021-05,110025.0,IZTACCIHUATL,2020-06
29,16,HOMICIDIO DOLOSO,2021-05,166805.0,LA NORIA,2020-06
30,16,HOMICIDIO DOLOSO,2021-05,62180.0,LA RAZA,2020-06
31,17,HOMICIDIO DOLOSO,2021-05,92638.0,LINDAVISTA,2020-06
32,10,HOMICIDIO DOLOSO,2021-05,96937.0,MERCED-BALBUENA,2020-06
33,7,HOMICIDIO DOLOSO,2021-05,64875.0,MILPA ALTA,2020-06
34,8,HOMICIDIO DOLOSO,2021-05,29350.0,MIXCALCO-HERALDO,2020-06
35,22,HOMICIDIO DOLOSO,2021-05,160243.0,MIXQUIC,2020-06
36,16,HOMICIDIO DOLOSO,2021-05,121359.0,MOCTEZUMA,2020-06
37,19,HOMICIDIO DOLOSO,2021-05,35662.0,MORELOS,2020-06
38,5,HOMICIDIO DOLOSO,2021-05,67270.0,NAPOLES,2020-06
39,7,HOMICIDIO DOLOSO,2021-05,113877.0,NARVARTE-ALAMOS,2020-06
40,1,HOMICIDIO DOLOSO,2021-05,42255.0,NATIVITAS,2020-06
41,135,HOMICIDIO DOLOSO,2021-05,,NO ESPECIFICADO,2020-06
42,32,HOMICIDIO DOLOSO,2021-05,218084.0,OASIS,2020-06
43,20,HOMICIDIO DOLOSO,2021-05,177697.0,PADIERNA,2020-06
44,13,HOMICIDIO DOLOSO,2021-05,150298.0,PANTITLAN,2020-06
45,29,HOMICIDIO DOLOSO,2021-05,263257.0,PLATEROS,2020-06
46,0,HOMICIDIO DOLOSO,2021-05,37779.0,POLANCO-CASTILLO,2020-06
47,1,HOMICIDIO DOLOSO,2021-05,78265.0,PORTALES,2020-06
48,22,HOMICIDIO DOLOSO,2021-05,207608.0,PRADERA,2020-06
49,27,HOMICIDIO DOLOSO,2021-05,278219.0,QUETZAL,2020-06
50,19,HOMICIDIO DOLOSO,2021-05,151888.0,QUIROGA,2020-06
51,9,HOMICIDIO DOLOSO,2021-05,34257.0,REVOLUCION-ALAMEDA,2020-06
52,3,HOMICIDIO DOLOSO,2021-05,70434.0,ROMA,2020-06
53,3,HOMICIDIO DOLOSO,2021-05,47620.0,SAN ANGEL,2020-06
54,11,HOMICIDIO DOLOSO,2021-05,140415.0,SAN JERONIMO,2020-06
55,30,HOMICIDIO DOLOSO,2021-05,193642.0,SANTA CRUZ,2020-06
56,21,HOMICIDIO DOLOSO,2021-05,227160.0,SANTA FE,2020-06
57,9,HOMICIDIO DOLOSO,2021-05,61100.0,SOTELO,2020-06
58,15,HOMICIDIO DOLOSO,2021-05,155668.0,TACUBA,2020-06
59,10,HOMICIDIO DOLOSO,2021-05,73623.0,TACUBAYA,2020-06
60,10,HOMICIDIO DOLOSO,2021-05,115941.0,TAXQUEÑA,2020-06
61,2,HOMICIDIO DOLOSO,2021-05,43804.0,TECOMITL,2020-06
62,18,HOMICIDIO DOLOSO,2021-05,270493.0,TEOTONGO,2020-06
63,29,HOMICIDIO DOLOSO,2021-05,256237.0,TEPEPAN,2020-06
64,6,HOMICIDIO DOLOSO,2021-05,69778.0,TEPEYAC,2020-06
65,48,HOMICIDIO DOLOSO,2021-05,295459.0,TEZONCO,2020-06
66,15,HOMICIDIO DOLOSO,2021-05,128951.0,TICOMAN,2020-06
67,13,HOMICIDIO DOLOSO,2021-05,124003.0,TLACOTAL,2020-06
68,13,HOMICIDIO DOLOSO,2021-05,96337.0,TLATELOLCO,2020-06
69,6,HOMICIDIO DOLOSO,2021-05,130167.0,UNIVERSIDAD,2020-06
70,12,HOMICIDIO DOLOSO,2021-05,158714.0,XOTEPINGO,2020-06
71,19,HOMICIDIO DOLOSO,2021-05,185225.0,ZAPOTITLA,2020-06
72,3,HOMICIDIO DOLOSO,2021-05,34276.0,ZARAGOZA,2020-06
73,22,LESIONES POR ARMA DE FUEGO,2021-05,171082.0,ABASTO-REFORMA,2020-06
74,4,LESIONES POR ARMA DE FUEGO,2021-05,190052.0,ALPES,2020-06
75,0,LESIONES POR ARMA DE FUEGO,2021-05,25606.0,ANGEL-ZONA ROSA,2020-06
76,28,LESIONES POR ARMA DE FUEGO,2021-05,147265.0,ARAGON,2020-06
77,2,LESIONES POR ARMA DE FUEGO,2021-05,76922.0,ARENAL,2020-06
78,14,LESIONES POR ARMA DE FUEGO,2021-05,126770.0,ASTURIAS,2020-06
79,6,LESIONES POR ARMA DE FUEGO,2021-05,94564.0,BUENAVISTA,2020-06
80,0,LESIONES POR ARMA DE FUEGO,2021-05,44719.0,CHAPULTEPEC,2020-06
81,10,LESIONES POR ARMA DE FUEGO,2021-05,117997.0,CHURUBUSCO,2020-06
82,4,LESIONES POR ARMA DE FUEGO,2021-05,144779.0,CLAVERIA,2020-06
83,1,LESIONES POR ARMA DE FUEGO,2021-05,93641.0,COAPA,2020-06
84,10,LESIONES POR ARMA DE FUEGO,2021-05,33787.0,CONGRESO,2020-06
85,11,LESIONES POR ARMA DE FUEGO,2021-05,67697.0,CONSULADO,2020-06
86,3,LESIONES POR ARMA DE FUEGO,2021-05,18851.0,CORREDOR-CENTRO,2020-06
87,2,LESIONES POR ARMA DE FUEGO,2021-05,65669.0,COYOACAN,2020-06
88,0,LESIONES POR ARMA DE FUEGO,2021-05,101270.0,CUAJIMALPA,2020-06
89,16,LESIONES POR ARMA DE FUEGO,2021-05,280497.0,CUAUTEPEC,2020-06
90,5,LESIONES POR ARMA DE FUEGO,2021-05,93702.0,CUCHILLA,2020-06
91,9,LESIONES POR ARMA DE FUEGO,2021-05,70802.0,CUITLAHUAC,2020-06
92,1,LESIONES POR ARMA DE FUEGO,2021-05,150082.0,CULHUACAN,2020-06
93,2,LESIONES POR ARMA DE FUEGO,2021-05,83772.0,DEL VALLE,2020-06
94,5,LESIONES POR ARMA DE FUEGO,2021-05,94133.0,DINAMO,2020-06
95,3,LESIONES POR ARMA DE FUEGO,2021-05,80579.0,EL YAQUI,2020-06
96,13,LESIONES POR ARMA DE FUEGO,2021-05,177825.0,ESTRELLA,2020-06
97,7,LESIONES POR ARMA DE FUEGO,2021-05,187026.0,FUENTE,2020-06
98,9,LESIONES POR ARMA DE FUEGO,2021-05,95686.0,GRANJAS,2020-06
99,13,LESIONES POR ARMA DE FUEGO,2021-05,136444.0,HORMIGA,2020-06
100,7,LESIONES POR ARMA DE FUEGO,2021-05,174817.0,HUIPULCO-HOSPITALES,2020-06
101,8,LESIONES POR ARMA DE FUEGO,2021-05,110025.0,IZTACCIHUATL,2020-06
102,4,LESIONES POR ARMA DE FUEGO,2021-05,166805.0,LA NORIA,2020-06
103,7,LESIONES POR ARMA DE FUEGO,2021-05,62180.0,LA RAZA,2020-06
104,9,LESIONES POR ARMA DE FUEGO,2021-05,92638.0,LINDAVISTA,2020-06
105,5,LESIONES POR ARMA DE FUEGO,2021-05,96937.0,MERCED-BALBUENA,2020-06
106,3,LESIONES POR ARMA DE FUEGO,2021-05,64875.0,MILPA ALTA,2020-06
107,5,LESIONES POR ARMA DE FUEGO,2021-05,29350.0,MIXCALCO-HERALDO,2020-06
108,7,LESIONES POR ARMA DE FUEGO,2021-05,160243.0,MIXQUIC,2020-06
109,12,LESIONES POR ARMA DE FUEGO,2021-05,121359.0,MOCTEZUMA,2020-06
110,5,LESIONES POR ARMA DE FUEGO,2021-05,35662.0,MORELOS,2020-06
111,5,LESIONES POR ARMA DE FUEGO,2021-05,67270.0,NAPOLES,2020-06
112,2,LESIONES POR ARMA DE FUEGO,2021-05,113877.0,NARVARTE-ALAMOS,2020-06
113,1,LESIONES POR ARMA DE FUEGO,2021-05,42255.0,NATIVITAS,2020-06
114,411,LESIONES POR ARMA DE FUEGO,2021-05,,NO ESPECIFICADO,2020-06
115,11,LESIONES POR ARMA DE FUEGO,2021-05,218084.0,OASIS,2020-06
116,7,LESIONES POR ARMA DE FUEGO,2021-05,177697.0,PADIERNA,2020-06
117,10,LESIONES POR ARMA DE FUEGO,2021-05,150298.0,PANTITLAN,2020-06
118,28,LESIONES POR ARMA DE FUEGO,2021-05,263257.0,PLATEROS,2020-06
119,1,LESIONES POR ARMA DE FUEGO,2021-05,37779.0,POLANCO-CASTILLO,2020-06
120,2,LESIONES POR ARMA DE FUEGO,2021-05,78265.0,PORTALES,2020-06
121,15,LESIONES POR ARMA DE FUEGO,2021-05,207608.0,PRADERA,2020-06
122,16,LESIONES POR ARMA DE FUEGO,2021-05,278219.0,QUETZAL,2020-06
123,13,LESIONES POR ARMA DE FUEGO,2021-05,151888.0,QUIROGA,2020-06
124,0,LESIONES POR ARMA DE FUEGO,2021-05,34257.0,REVOLUCION-ALAMEDA,2020-06
125,3,LESIONES POR ARMA DE FUEGO,2021-05,70434.0,ROMA,2020-06
126,7,LESIONES POR ARMA DE FUEGO,2021-05,47620.0,SAN ANGEL,2020-06
127,10,LESIONES POR ARMA DE FUEGO,2021-05,140415.0,SAN JERONIMO,2020-06
128,18,LESIONES POR ARMA DE FUEGO,2021-05,193642.0,SANTA CRUZ,2020-06
129,14,LESIONES POR ARMA DE FUEGO,2021-05,227160.0,SANTA FE,2020-06
130,3,LESIONES POR ARMA DE FUEGO,2021-05,61100.0,SOTELO,2020-06
131,17,LESIONES POR ARMA DE FUEGO,2021-05,155668.0,TACUBA,2020-06
132,9,LESIONES POR ARMA DE FUEGO,2021-05,73623.0,TACUBAYA,2020-06
133,4,LESIONES POR ARMA DE FUEGO,2021-05,115941.0,TAXQUEÑA,2020-06
134,1,LESIONES POR ARMA DE FUEGO,2021-05,43804.0,TECOMITL,2020-06
135,7,LESIONES POR ARMA DE FUEGO,2021-05,270493.0,TEOTONGO,2020-06
136,10,LESIONES POR ARMA DE FUEGO,2021-05,256237.0,TEPEPAN,2020-06
137,8,LESIONES POR ARMA DE FUEGO,2021-05,69778.0,TEPEYAC,2020-06
138,33,LESIONES POR ARMA DE FUEGO,2021-05,295459.0,TEZONCO,2020-06
139,3,LESIONES POR ARMA DE FUEGO,2021-05,128951.0,TICOMAN,2020-06
140,10,LESIONES POR ARMA DE FUEGO,2021-05,124003.0,TLACOTAL,2020-06
141,6,LESIONES POR ARMA DE FUEGO,2021-05,96337.0,TLATELOLCO,2020-06
142,10,LESIONES POR ARMA DE FUEGO,2021-05,130167.0,UNIVERSIDAD,2020-06
143,5,LESIONES POR ARMA DE FUEGO,2021-05,158714.0,XOTEPINGO,2020-06
144,10,LESIONES POR ARMA DE FUEGO,2021-05,185225.0,ZAPOTITLA,2020-06
145,1,LESIONES POR ARMA DE FUEGO,2021-05,34276.0,ZARAGOZA,2020-06
146,0,ROBO A BORDO DE METRO C.V.,2021-05,171082.0,ABASTO-REFORMA,2020-06
147,0,ROBO A BORDO DE METRO C.V.,2021-05,190052.0,ALPES,2020-06
148,0,ROBO A BORDO DE METRO C.V.,2021-05,25606.0,ANGEL-ZONA ROSA,2020-06
149,1,ROBO A BORDO DE METRO C.V.,2021-05,147265.0,ARAGON,2020-06
150,2,ROBO A BORDO DE METRO C.V.,2021-05,76922.0,ARENAL,2020-06
151,6,ROBO A BORDO DE METRO C.V.,2021-05,126770.0,ASTURIAS,2020-06
152,1,ROBO A BORDO DE METRO C.V.,2021-05,94564.0,BUENAVISTA,2020-06
153,0,ROBO A BORDO DE METRO C.V.,2021-05,44719.0,CHAPULTEPEC,2020-06
154,0,ROBO A BORDO DE METRO C.V.,2021-05,117997.0,CHURUBUSCO,2020-06
155,0,ROBO A BORDO DE METRO C.V.,2021-05,144779.0,CLAVERIA,2020-06
156,0,ROBO A BORDO DE METRO C.V.,2021-05,93641.0,COAPA,2020-06
157,5,ROBO A BORDO DE METRO C.V.,2021-05,33787.0,CONGRESO,2020-06
158,2,ROBO A BORDO DE METRO C.V.,2021-05,67697.0,CONSULADO,2020-06
159,0,ROBO A BORDO DE METRO C.V.,2021-05,18851.0,CORREDOR-CENTRO,2020-06
160,0,ROBO A BORDO DE METRO C.V.,2021-05,65669.0,COYOACAN,2020-06
161,0,ROBO A BORDO DE METRO C.V.,2021-05,101270.0,CUAJIMALPA,2020-06
162,0,ROBO A BORDO DE METRO C.V.,2021-05,280497.0,CUAUTEPEC,2020-06
163,1,ROBO A BORDO DE METRO C.V.,2021-05,93702.0,CUCHILLA,2020-06
164,0,ROBO A BORDO DE METRO C.V.,2021-05,70802.0,CUITLAHUAC,2020-06
165,0,ROBO A BORDO DE METRO C.V.,2021-05,150082.0,CULHUACAN,2020-06
166,3,ROBO A BORDO DE METRO C.V.,2021-05,83772.0,DEL VALLE,2020-06
167,0,ROBO A BORDO DE METRO C.V.,2021-05,94133.0,DINAMO,2020-06
168,0,ROBO A BORDO DE METRO C.V.,2021-05,80579.0,EL YAQUI,2020-06
169,1,ROBO A BORDO DE METRO C.V.,2021-05,177825.0,ESTRELLA,2020-06
170,0,ROBO A BORDO DE METRO C.V.,2021-05,187026.0,FUENTE,2020-06
171,0,ROBO A BORDO DE METRO C.V.,2021-05,95686.0,GRANJAS,2020-06
172,2,ROBO A BORDO DE METRO C.V.,2021-05,136444.0,HORMIGA,2020-06
173,0,ROBO A BORDO DE METRO C.V.,2021-05,174817.0,HUIPULCO-HOSPITALES,2020-06
174,1,ROBO A BORDO DE METRO C.V.,2021-05,110025.0,IZTACCIHUATL,2020-06
175,0,ROBO A BORDO DE METRO C.V.,2021-05,166805.0,LA NORIA,2020-06
176,1,ROBO A BORDO DE METRO C.V.,2021-05,62180.0,LA RAZA,2020-06
177,4,ROBO A BORDO DE METRO C.V.,2021-05,92638.0,LINDAVISTA,2020-06
178,6,ROBO A BORDO DE METRO C.V.,2021-05,96937.0,MERCED-BALBUENA,2020-06
179,0,ROBO A BORDO DE METRO C.V.,2021-05,64875.0,MILPA ALTA,2020-06
180,3,ROBO A BORDO DE METRO C.V.,2021-05,29350.0,MIXCALCO-HERALDO,2020-06
181,1,ROBO A BORDO DE METRO C.V.,2021-05,160243.0,MIXQUIC,2020-06
182,2,ROBO A BORDO DE METRO C.V.,2021-05,121359.0,MOCTEZUMA,2020-06
183,1,ROBO A BORDO DE METRO C.V.,2021-05,35662.0,MORELOS,2020-06
184,2,ROBO A BORDO DE METRO C.V.,2021-05,67270.0,NAPOLES,2020-06
185,3,ROBO A BORDO DE METRO C.V.,2021-05,113877.0,NARVARTE-ALAMOS,2020-06
186,1,ROBO A BORDO DE METRO C.V.,2021-05,42255.0,NATIVITAS,2020-06
187,0,ROBO A BORDO DE METRO C.V.,2021-05,218084.0,OASIS,2020-06
188,0,ROBO A BORDO DE METRO C.V.,2021-05,177697.0,PADIERNA,2020-06
189,8,ROBO A BORDO DE METRO C.V.,2021-05,150298.0,PANTITLAN,2020-06
190,0,ROBO A BORDO DE METRO C.V.,2021-05,263257.0,PLATEROS,2020-06
191,0,ROBO A BORDO DE METRO C.V.,2021-05,37779.0,POLANCO-CASTILLO,2020-06
192,1,ROBO A BORDO DE METRO C.V.,2021-05,78265.0,PORTALES,2020-06
193,0,ROBO A BORDO DE METRO C.V.,2021-05,207608.0,PRADERA,2020-06
194,0,ROBO A BORDO DE METRO C.V.,2021-05,278219.0,QUETZAL,2020-06
195,1,ROBO A BORDO DE METRO C.V.,2021-05,151888.0,QUIROGA,2020-06
196,3,ROBO A BORDO DE METRO C.V.,2021-05,34257.0,REVOLUCION-ALAMEDA,2020-06
197,0,ROBO A BORDO DE METRO C.V.,2021-05,70434.0,ROMA,2020-06
198,0,ROBO A BORDO DE METRO C.V.,2021-05,47620.0,SAN ANGEL,2020-06
199,0,ROBO A BORDO DE METRO C.V.,2021-05,140415.0,SAN JERONIMO,2020-06
200,0,ROBO A BORDO DE METRO C.V.,2021-05,193642.0,SANTA CRUZ,2020-06
201,0,ROBO A BORDO DE METRO C.V.,2021-05,227160.0,SANTA FE,2020-06
202,0,ROBO A BORDO DE METRO C.V.,2021-05,61100.0,SOTELO,2020-06
203,0,ROBO A BORDO DE METRO C.V.,2021-05,155668.0,TACUBA,2020-06
204,2,ROBO A BORDO DE METRO C.V.,2021-05,73623.0,TACUBAYA,2020-06
205,0,ROBO A BORDO DE METRO C.V.,2021-05,115941.0,TAXQUEÑA,2020-06
206,0,ROBO A BORDO DE METRO C.V.,2021-05,43804.0,TECOMITL,2020-06
207,0,ROBO A BORDO DE METRO C.V.,2021-05,270493.0,TEOTONGO,2020-06
208,0,ROBO A BORDO DE METRO C.V.,2021-05,256237.0,TEPEPAN,2020-06
209,1,ROBO A BORDO DE METRO C.V.,2021-05,69778.0,TEPEYAC,2020-06
210,0,ROBO A BORDO DE METRO C.V.,2021-05,295459.0,TEZONCO,2020-06
211,0,ROBO A BORDO DE METRO C.V.,2021-05,128951.0,TICOMAN,2020-06
212,0,ROBO A BORDO DE METRO C.V.,2021-05,124003.0,TLACOTAL,2020-06
213,0,ROBO A BORDO DE METRO C.V.,2021-05,96337.0,TLATELOLCO,2020-06
214,0,ROBO A BORDO DE METRO C.V.,2021-05,130167.0,UNIVERSIDAD,2020-06
215,0,ROBO A BORDO DE METRO C.V.,2021-05,158714.0,XOTEPINGO,2020-06
216,0,ROBO A BORDO DE METRO C.V.,2021-05,185225.0,ZAPOTITLA,2020-06
217,2,ROBO A BORDO DE METRO C.V.,2021-05,34276.0,ZARAGOZA,2020-06
218,3,ROBO A BORDO DE METRO S.V.,2021-05,171082.0,ABASTO-REFORMA,2020-06
219,0,ROBO A BORDO DE METRO S.V.,2021-05,190052.0,ALPES,2020-06
220,8,ROBO A BORDO DE METRO S.V.,2021-05,25606.0,ANGEL-ZONA ROSA,2020-06
221,7,ROBO A BORDO DE METRO S.V.,2021-05,147265.0,ARAGON,2020-06
222,42,ROBO A BORDO DE METRO S.V.,2021-05,76922.0,ARENAL,2020-06
223,37,ROBO A BORDO DE METRO S.V.,2021-05,126770.0,ASTURIAS,2020-06
224,43,ROBO A BORDO DE METRO S.V.,2021-05,94564.0,BUENAVISTA,2020-06
225,0,ROBO A BORDO DE METRO S.V.,2021-05,44719.0,CHAPULTEPEC,2020-06
226,2,ROBO A BORDO DE METRO S.V.,2021-05,117997.0,CHURUBUSCO,2020-06
227,4,ROBO A BORDO DE METRO S.V.,2021-05,144779.0,CLAVERIA,2020-06
228,0,ROBO A BORDO DE METRO S.V.,2021-05,93641.0,COAPA,2020-06
229,41,ROBO A BORDO DE METRO S.V.,2021-05,33787.0,CONGRESO,2020-06
230,4,ROBO A BORDO DE METRO S.V.,2021-05,67697.0,CONSULADO,2020-06
231,11,ROBO A BORDO DE METRO S.V.,2021-05,18851.0,CORREDOR-CENTRO,2020-06
232,2,ROBO A BORDO DE METRO S.V.,2021-05,65669.0,COYOACAN,2020-06
233,0,ROBO A BORDO DE METRO S.V.,2021-05,101270.0,CUAJIMALPA,2020-06
234,0,ROBO A BORDO DE METRO S.V.,2021-05,280497.0,CUAUTEPEC,2020-06
235,3,ROBO A BORDO DE METRO S.V.,2021-05,93702.0,CUCHILLA,2020-06
236,0,ROBO A BORDO DE METRO S.V.,2021-05,70802.0,CUITLAHUAC,2020-06
237,0,ROBO A BORDO DE METRO S.V.,2021-05,150082.0,CULHUACAN,2020-06
238,11,ROBO A BORDO DE METRO S.V.,2021-05,83772.0,DEL VALLE,2020-06
239,0,ROBO A BORDO DE METRO S.V.,2021-05,94133.0,DINAMO,2020-06
240,0,ROBO A BORDO DE METRO S.V.,2021-05,80579.0,EL YAQUI,2020-06
241,9,ROBO A BORDO DE METRO S.V.,2021-05,177825.0,ESTRELLA,2020-06
242,0,ROBO A BORDO DE METRO S.V.,2021-05,187026.0,FUENTE,2020-06
243,6,ROBO A BORDO DE METRO S.V.,2021-05,95686.0,GRANJAS,2020-06
244,4,ROBO A BORDO DE METRO S.V.,2021-05,136444.0,HORMIGA,2020-06
245,0,ROBO A BORDO DE METRO S.V.,2021-05,174817.0,HUIPULCO-HOSPITALES,2020-06
246,5,ROBO A BORDO DE METRO S.V.,2021-05,110025.0,IZTACCIHUATL,2020-06
247,0,ROBO A BORDO DE METRO S.V.,2021-05,166805.0,LA NORIA,2020-06
248,0,ROBO A BORDO DE METRO S.V.,2021-05,62180.0,LA RAZA,2020-06
249,23,ROBO A BORDO DE METRO S.V.,2021-05,92638.0,LINDAVISTA,2020-06
250,12,ROBO A BORDO DE METRO S.V.,2021-05,96937.0,MERCED-BALBUENA,2020-06
251,0,ROBO A BORDO DE METRO S.V.,2021-05,64875.0,MILPA ALTA,2020-06
252,23,ROBO A BORDO DE METRO S.V.,2021-05,29350.0,MIXCALCO-HERALDO,2020-06
253,5,ROBO A BORDO DE METRO S.V.,2021-05,160243.0,MIXQUIC,2020-06
254,10,ROBO A BORDO DE METRO S.V.,2021-05,121359.0,MOCTEZUMA,2020-06
255,4,ROBO A BORDO DE METRO S.V.,2021-05,35662.0,MORELOS,2020-06
256,7,ROBO A BORDO DE METRO S.V.,2021-05,67270.0,NAPOLES,2020-06
257,8,ROBO A BORDO DE METRO S.V.,2021-05,113877.0,NARVARTE-ALAMOS,2020-06
258,7,ROBO A BORDO DE METRO S.V.,2021-05,42255.0,NATIVITAS,2020-06
259,38,ROBO A BORDO DE METRO S.V.,2021-05,,NO ESPECIFICADO,2020-06
260,4,ROBO A BORDO DE METRO S.V.,2021-05,218084.0,OASIS,2020-06
261,0,ROBO A BORDO DE METRO S.V.,2021-05,177697.0,PADIERNA,2020-06
262,25,ROBO A BORDO DE METRO S.V.,2021-05,150298.0,PANTITLAN,2020-06
263,2,ROBO A BORDO DE METRO S.V.,2021-05,263257.0,PLATEROS,2020-06
264,6,ROBO A BORDO DE METRO S.V.,2021-05,37779.0,POLANCO-CASTILLO,2020-06
265,8,ROBO A BORDO DE METRO S.V.,2021-05,78265.0,PORTALES,2020-06
266,0,ROBO A BORDO DE METRO S.V.,2021-05,207608.0,PRADERA,2020-06
267,0,ROBO A BORDO DE METRO S.V.,2021-05,278219.0,QUETZAL,2020-06
268,3,ROBO A BORDO DE METRO S.V.,2021-05,151888.0,QUIROGA,2020-06
269,53,ROBO A BORDO DE METRO S.V.,2021-05,34257.0,REVOLUCION-ALAMEDA,2020-06
270,10,ROBO A BORDO DE METRO S.V.,2021-05,70434.0,ROMA,2020-06
271,6,ROBO A BORDO DE METRO S.V.,2021-05,47620.0,SAN ANGEL,2020-06
272,0,ROBO A BORDO DE METRO S.V.,2021-05,140415.0,SAN JERONIMO,2020-06
273,0,ROBO A BORDO DE METRO S.V.,2021-05,193642.0,SANTA CRUZ,2020-06
274,0,ROBO A BORDO DE METRO S.V.,2021-05,227160.0,SANTA FE,2020-06
275,0,ROBO A BORDO DE METRO S.V.,2021-05,61100.0,SOTELO,2020-06
276,29,ROBO A BORDO DE METRO S.V.,2021-05,155668.0,TACUBA,2020-06
277,27,ROBO A BORDO DE METRO S.V.,2021-05,73623.0,TACUBAYA,2020-06
278,6,ROBO A BORDO DE METRO S.V.,2021-05,115941.0,TAXQUEÑA,2020-06
279,0,ROBO A BORDO DE METRO S.V.,2021-05,43804.0,TECOMITL,2020-06
280,2,ROBO A BORDO DE METRO S.V.,2021-05,270493.0,TEOTONGO,2020-06
281,0,ROBO A BORDO DE METRO S.V.,2021-05,256237.0,TEPEPAN,2020-06
282,3,ROBO A BORDO DE METRO S.V.,2021-05,69778.0,TEPEYAC,2020-06
283,11,ROBO A BORDO DE METRO S.V.,2021-05,295459.0,TEZONCO,2020-06
284,0,ROBO A BORDO DE METRO S.V.,2021-05,128951.0,TICOMAN,2020-06
285,6,ROBO A BORDO DE METRO S.V.,2021-05,124003.0,TLACOTAL,2020-06
286,2,ROBO A BORDO DE METRO S.V.,2021-05,96337.0,TLATELOLCO,2020-06
287,9,ROBO A BORDO DE METRO S.V.,2021-05,130167.0,UNIVERSIDAD,2020-06
288,0,ROBO A BORDO DE METRO S.V.,2021-05,158714.0,XOTEPINGO,2020-06
289,6,ROBO A BORDO DE METRO S.V.,2021-05,185225.0,ZAPOTITLA,2020-06
290,8,ROBO A BORDO DE METRO S.V.,2021-05,34276.0,ZARAGOZA,2020-06
291,9,ROBO A BORDO DE MICROBUS C.V.,2021-05,171082.0,ABASTO-REFORMA,2020-06
292,0,ROBO A BORDO DE MICROBUS C.V.,2021-05,190052.0,ALPES,2020-06
293,0,ROBO A BORDO DE MICROBUS C.V.,2021-05,25606.0,ANGEL-ZONA ROSA,2020-06
294,10,ROBO A BORDO DE MICROBUS C.V.,2021-05,147265.0,ARAGON,2020-06
295,6,ROBO A BORDO DE MICROBUS C.V.,2021-05,76922.0,ARENAL,2020-06
296,2,ROBO A BORDO DE MICROBUS C.V.,2021-05,126770.0,ASTURIAS,2020-06
297,0,ROBO A BORDO DE MICROBUS C.V.,2021-05,94564.0,BUENAVISTA,2020-06
298,0,ROBO A BORDO DE MICROBUS C.V.,2021-05,44719.0,CHAPULTEPEC,2020-06
299,5,ROBO A BORDO DE MICROBUS C.V.,2021-05,117997.0,CHURUBUSCO,2020-06
300,3,ROBO A BORDO DE MICROBUS C.V.,2021-05,144779.0,CLAVERIA,2020-06
301,2,ROBO A BORDO DE MICROBUS C.V.,2021-05,93641.0,COAPA,2020-06
302,1,ROBO A BORDO DE MICROBUS C.V.,2021-05,33787.0,CONGRESO,2020-06
303,2,ROBO A BORDO DE MICROBUS C.V.,2021-05,67697.0,CONSULADO,2020-06
304,0,ROBO A BORDO DE MICROBUS C.V.,2021-05,18851.0,CORREDOR-CENTRO,2020-06
305,0,ROBO A BORDO DE MICROBUS C.V.,2021-05,65669.0,COYOACAN,2020-06
306,0,ROBO A BORDO DE MICROBUS C.V.,2021-05,101270.0,CUAJIMALPA,2020-06
307,3,ROBO A BORDO DE MICROBUS C.V.,2021-05,280497.0,CUAUTEPEC,2020-06
308,0,ROBO A BORDO DE MICROBUS C.V.,2021-05,93702.0,CUCHILLA,2020-06
309,0,ROBO A BORDO DE MICROBUS C.V.,2021-05,70802.0,CUITLAHUAC,2020-06
310,7,ROBO A BORDO DE MICROBUS C.V.,2021-05,150082.0,CULHUACAN,2020-06
311,0,ROBO A BORDO DE MICROBUS C.V.,2021-05,83772.0,DEL VALLE,2020-06
312,0,ROBO A BORDO DE MICROBUS C.V.,2021-05,94133.0,DINAMO,2020-06
313,0,ROBO A BORDO DE MICROBUS C.V.,2021-05,80579.0,EL YAQUI,2020-06
314,8,ROBO A BORDO DE MICROBUS C.V.,2021-05,177825.0,ESTRELLA,2020-06
315,0,ROBO A BORDO DE MICROBUS C.V.,2021-05,187026.0,FUENTE,2020-06
316,3,ROBO A BORDO DE MICROBUS C.V.,2021-05,95686.0,GRANJAS,2020-06
317,5,ROBO A BORDO DE MICROBUS C.V.,2021-05,136444.0,HORMIGA,2020-06
318,1,ROBO A BORDO DE MICROBUS C.V.,2021-05,174817.0,HUIPULCO-HOSPITALES,2020-06
319,7,ROBO A BORDO DE MICROBUS C.V.,2021-05,110025.0,IZTACCIHUATL,2020-06
320,2,ROBO A BORDO DE MICROBUS C.V.,2021-05,166805.0,LA NORIA,2020-06
321,1,ROBO A BORDO DE MICROBUS C.V.,2021-05,62180.0,LA RAZA,2020-06
322,4,ROBO A BORDO DE MICROBUS C.V.,2021-05,92638.0,LINDAVISTA,2020-06
323,8,ROBO A BORDO DE MICROBUS C.V.,2021-05,96937.0,MERCED-BALBUENA,2020-06
324,0,ROBO A BORDO DE MICROBUS C.V.,2021-05,64875.0,MILPA ALTA,2020-06
325,1,ROBO A BORDO DE MICROBUS C.V.,2021-05,29350.0,MIXCALCO-HERALDO,2020-06
326,9,ROBO A BORDO DE MICROBUS C.V.,2021-05,160243.0,MIXQUIC,2020-06
327,8,ROBO A BORDO DE MICROBUS C.V.,2021-05,121359.0,MOCTEZUMA,2020-06
328,1,ROBO A BORDO DE MICROBUS C.V.,2021-05,35662.0,MORELOS,2020-06
329,2,ROBO A BORDO DE MICROBUS C.V.,2021-05,67270.0,NAPOLES,2020-06
330,0,ROBO A BORDO DE MICROBUS C.V.,2021-05,113877.0,NARVARTE-ALAMOS,2020-06
331,1,ROBO A BORDO DE MICROBUS C.V.,2021-05,42255.0,NATIVITAS,2020-06
332,13,ROBO A BORDO DE MICROBUS C.V.,2021-05,,NO ESPECIFICADO,2020-06
333,23,ROBO A BORDO DE MICROBUS C.V.,2021-05,218084.0,OASIS,2020-06
334,0,ROBO A BORDO DE MICROBUS C.V.,2021-05,177697.0,PADIERNA,2020-06
335,18,ROBO A BORDO DE MICROBUS C.V.,2021-05,150298.0,PANTITLAN,2020-06
336,4,ROBO A BORDO DE MICROBUS C.V.,2021-05,263257.0,PLATEROS,2020-06
337,1,ROBO A BORDO DE MICROBUS C.V.,2021-05,37779.0,POLANCO-CASTILLO,2020-06
338,1,ROBO A BORDO DE MICROBUS C.V.,2021-05,78265.0,PORTALES,2020-06
339,4,ROBO A BORDO DE MICROBUS C.V.,2021-05,207608.0,PRADERA,2020-06
340,14,ROBO A BORDO DE MICROBUS C.V.,2021-05,278219.0,QUETZAL,2020-06
341,8,ROBO A BORDO DE MICROBUS C.V.,2021-05,151888.0,QUIROGA,2020-06
342,3,ROBO A BORDO DE MICROBUS C.V.,2021-05,34257.0,REVOLUCION-ALAMEDA,2020-06
343,1,ROBO A BORDO DE MICROBUS C.V.,2021-05,70434.0,ROMA,2020-06
344,2,ROBO A BORDO DE MICROBUS C.V.,2021-05,47620.0,SAN ANGEL,2020-06
345,0,ROBO A BORDO DE MICROBUS C.V.,2021-05,140415.0,SAN JERONIMO,2020-06
346,6,ROBO A BORDO DE MICROBUS C.V.,2021-05,193642.0,SANTA CRUZ,2020-06
347,1,ROBO A BORDO DE MICROBUS C.V.,2021-05,227160.0,SANTA FE,2020-06
348,2,ROBO A BORDO DE MICROBUS C.V.,2021-05,61100.0,SOTELO,2020-06
349,12,ROBO A BORDO DE MICROBUS C.V.,2021-05,155668.0,TACUBA,2020-06
350,3,ROBO A BORDO DE MICROBUS C.V.,2021-05,73623.0,TACUBAYA,2020-06
351,5,ROBO A BORDO DE MICROBUS C.V.,2021-05,115941.0,TAXQUEÑA,2020-06
352,0,ROBO A BORDO DE MICROBUS C.V.,2021-05,43804.0,TECOMITL,2020-06
353,12,ROBO A BORDO DE MICROBUS C.V.,2021-05,270493.0,TEOTONGO,2020-06
354,13,ROBO A BORDO DE MICROBUS C.V.,2021-05,256237.0,TEPEPAN,2020-06
355,4,ROBO A BORDO DE MICROBUS C.V.,2021-05,69778.0,TEPEYAC,2020-06
356,11,ROBO A BORDO DE MICROBUS C.V.,2021-05,295459.0,TEZONCO,2020-06
357,3,ROBO A BORDO DE MICROBUS C.V.,2021-05,128951.0,TICOMAN,2020-06
358,17,ROBO A BORDO DE MICROBUS C.V.,2021-05,124003.0,TLACOTAL,2020-06
359,1,ROBO A BORDO DE MICROBUS C.V.,2021-05,96337.0,TLATELOLCO,2020-06
360,2,ROBO A BORDO DE MICROBUS C.V.,2021-05,130167.0,UNIVERSIDAD,2020-06
361,1,ROBO A BORDO DE MICROBUS C.V.,2021-05,158714.0,XOTEPINGO,2020-06
362,10,ROBO A BORDO DE MICROBUS C.V.,2021-05,185225.0,ZAPOTITLA,2020-06
363,4,ROBO A BORDO DE MICROBUS C.V.,2021-05,34276.0,ZARAGOZA,2020-06
364,2,ROBO A BORDO DE MICROBUS S.V.,2021-05,171082.0,ABASTO-REFORMA,2020-06
365,2,ROBO A BORDO DE MICROBUS S.V.,2021-05,190052.0,ALPES,2020-06
366,0,ROBO A BORDO DE MICROBUS S.V.,2021-05,25606.0,ANGEL-ZONA ROSA,2020-06
367,1,ROBO A BORDO DE MICROBUS S.V.,2021-05,147265.0,ARAGON,2020-06
368,2,ROBO A BORDO DE MICROBUS S.V.,2021-05,76922.0,ARENAL,2020-06
369,0,ROBO A BORDO DE MICROBUS S.V.,2021-05,126770.0,ASTURIAS,2020-06
370,0,ROBO A BORDO DE MICROBUS S.V.,2021-05,94564.0,BUENAVISTA,2020-06
371,0,ROBO A BORDO DE MICROBUS S.V.,2021-05,44719.0,CHAPULTEPEC,2020-06
372,0,ROBO A BORDO DE MICROBUS S.V.,2021-05,117997.0,CHURUBUSCO,2020-06
373,1,ROBO A BORDO DE MICROBUS S.V.,2021-05,144779.0,CLAVERIA,2020-06
374,0,ROBO A BORDO DE MICROBUS S.V.,2021-05,93641.0,COAPA,2020-06
375,0,ROBO A BORDO DE MICROBUS S.V.,2021-05,33787.0,CONGRESO,2020-06
376,0,ROBO A BORDO DE MICROBUS S.V.,2021-05,67697.0,CONSULADO,2020-06
377,0,ROBO A BORDO DE MICROBUS S.V.,2021-05,18851.0,CORREDOR-CENTRO,2020-06
378,0,ROBO A BORDO DE MICROBUS S.V.,2021-05,65669.0,COYOACAN,2020-06
379,0,ROBO A BORDO DE MICROBUS S.V.,2021-05,101270.0,CUAJIMALPA,2020-06
380,4,ROBO A BORDO DE MICROBUS S.V.,2021-05,280497.0,CUAUTEPEC,2020-06
381,0,ROBO A BORDO DE MICROBUS S.V.,2021-05,93702.0,CUCHILLA,2020-06
382,0,ROBO A BORDO DE MICROBUS S.V.,2021-05,70802.0,CUITLAHUAC,2020-06
383,2,ROBO A BORDO DE MICROBUS S.V.,2021-05,150082.0,CULHUACAN,2020-06
384,0,ROBO A BORDO DE MICROBUS S.V.,2021-05,83772.0,DEL VALLE,2020-06
385,0,ROBO A BORDO DE MICROBUS S.V.,2021-05,94133.0,DINAMO,2020-06
386,1,ROBO A BORDO DE MICROBUS S.V.,2021-05,80579.0,EL YAQUI,2020-06
387,2,ROBO A BORDO DE MICROBUS S.V.,2021-05,177825.0,ESTRELLA,2020-06
388,1,ROBO A BORDO DE MICROBUS S.V.,2021-05,187026.0,FUENTE,2020-06
389,2,ROBO A BORDO DE MICROBUS S.V.,2021-05,95686.0,GRANJAS,2020-06
390,0,ROBO A BORDO DE MICROBUS S.V.,2021-05,136444.0,HORMIGA,2020-06
391,0,ROBO A BORDO DE MICROBUS S.V.,2021-05,174817.0,HUIPULCO-HOSPITALES,2020-06
392,0,ROBO A BORDO DE MICROBUS S.V.,2021-05,110025.0,IZTACCIHUATL,2020-06
393,1,ROBO A BORDO DE MICROBUS S.V.,2021-05,166805.0,LA NORIA,2020-06
394,0,ROBO A BORDO DE MICROBUS S.V.,2021-05,62180.0,LA RAZA,2020-06
395,1,ROBO A BORDO DE MICROBUS S.V.,2021-05,92638.0,LINDAVISTA,2020-06
396,0,ROBO A BORDO DE MICROBUS S.V.,2021-05,96937.0,MERCED-BALBUENA,2020-06
397,0,ROBO A BORDO DE MICROBUS S.V.,2021-05,64875.0,MILPA ALTA,2020-06
398,1,ROBO A BORDO DE MICROBUS S.V.,2021-05,29350.0,MIXCALCO-HERALDO,2020-06
399,1,ROBO A BORDO DE MICROBUS S.V.,2021-05,160243.0,MIXQUIC,2020-06
400,0,ROBO A BORDO DE MICROBUS S.V.,2021-05,121359.0,MOCTEZUMA,2020-06
401,0,ROBO A BORDO DE MICROBUS S.V.,2021-05,35662.0,MORELOS,2020-06
402,1,ROBO A BORDO DE MICROBUS S.V.,2021-05,67270.0,NAPOLES,2020-06
403,0,ROBO A BORDO DE MICROBUS S.V.,2021-05,113877.0,NARVARTE-ALAMOS,2020-06
404,2,ROBO A BORDO DE MICROBUS S.V.,2021-05,42255.0,NATIVITAS,2020-06
405,13,ROBO A BORDO DE MICROBUS S.V.,2021-05,,NO ESPECIFICADO,2020-06
406,2,ROBO A BORDO DE MICROBUS S.V.,2021-05,218084.0,OASIS,2020-06
407,1,ROBO A BORDO DE MICROBUS S.V.,2021-05,177697.0,PADIERNA,2020-06
408,2,ROBO A BORDO DE MICROBUS S.V.,2021-05,150298.0,PANTITLAN,2020-06
409,2,ROBO A BORDO DE MICROBUS S.V.,2021-05,263257.0,PLATEROS,2020-06
410,0,ROBO A BORDO DE MICROBUS S.V.,2021-05,37779.0,POLANCO-CASTILLO,2020-06
411,0,ROBO A BORDO DE MICROBUS S.V.,2021-05,78265.0,PORTALES,2020-06
412,0,ROBO A BORDO DE MICROBUS S.V.,2021-05,207608.0,PRADERA,2020-06
413,2,ROBO A BORDO DE MICROBUS S.V.,2021-05,278219.0,QUETZAL,2020-06
414,1,ROBO A BORDO DE MICROBUS S.V.,2021-05,151888.0,QUIROGA,2020-06
415,0,ROBO A BORDO DE MICROBUS S.V.,2021-05,34257.0,REVOLUCION-ALAMEDA,2020-06
416,0,ROBO A BORDO DE MICROBUS S.V.,2021-05,70434.0,ROMA,2020-06
417,5,ROBO A BORDO DE MICROBUS S.V.,2021-05,47620.0,SAN ANGEL,2020-06
418,0,ROBO A BORDO DE MICROBUS S.V.,2021-05,140415.0,SAN JERONIMO,2020-06
419,1,ROBO A BORDO DE MICROBUS S.V.,2021-05,193642.0,SANTA CRUZ,2020-06
420,0,ROBO A BORDO DE MICROBUS S.V.,2021-05,227160.0,SANTA FE,2020-06
421,3,ROBO A BORDO DE MICROBUS S.V.,2021-05,61100.0,SOTELO,2020-06
422,2,ROBO A BORDO DE MICROBUS S.V.,2021-05,155668.0,TACUBA,2020-06
423,0,ROBO A BORDO DE MICROBUS S.V.,2021-05,73623.0,TACUBAYA,2020-06
424,4,ROBO A BORDO DE MICROBUS S.V.,2021-05,115941.0,TAXQUEÑA,2020-06
425,0,ROBO A BORDO DE MICROBUS S.V.,2021-05,43804.0,TECOMITL,2020-06
426,1,ROBO A BORDO DE MICROBUS S.V.,2021-05,270493.0,TEOTONGO,2020-06
427,1,ROBO A BORDO DE MICROBUS S.V.,2021-05,256237.0,TEPEPAN,2020-06
428,1,ROBO A BORDO DE MICROBUS S.V.,2021-05,69778.0,TEPEYAC,2020-06
429,2,ROBO A BORDO DE MICROBUS S.V.,2021-05,295459.0,TEZONCO,2020-06
430,1,ROBO A BORDO DE MICROBUS S.V.,2021-05,128951.0,TICOMAN,2020-06
431,1,ROBO A BORDO DE MICROBUS S.V.,2021-05,124003.0,TLACOTAL,2020-06
432,0,ROBO A BORDO DE MICROBUS S.V.,2021-05,96337.0,TLATELOLCO,2020-06
433,1,ROBO A BORDO DE MICROBUS S.V.,2021-05,130167.0,UNIVERSIDAD,2020-06
434,1,ROBO A BORDO DE MICROBUS S.V.,2021-05,158714.0,XOTEPINGO,2020-06
435,1,ROBO A BORDO DE MICROBUS S.V.,2021-05,185225.0,ZAPOTITLA,2020-06
436,0,ROBO A BORDO DE MICROBUS S.V.,2021-05,34276.0,ZARAGOZA,2020-06
437,2,ROBO A BORDO DE TAXI C.V.,2021-05,171082.0,ABASTO-REFORMA,2020-06
438,3,ROBO A BORDO DE TAXI C.V.,2021-05,190052.0,ALPES,2020-06
439,3,ROBO A BORDO DE TAXI C.V.,2021-05,25606.0,ANGEL-ZONA ROSA,2020-06
440,1,ROBO A BORDO DE TAXI C.V.,2021-05,147265.0,ARAGON,2020-06
441,5,ROBO A BORDO DE TAXI C.V.,2021-05,76922.0,ARENAL,2020-06
442,1,ROBO A BORDO DE TAXI C.V.,2021-05,126770.0,ASTURIAS,2020-06
443,2,ROBO A BORDO DE TAXI C.V.,2021-05,94564.0,BUENAVISTA,2020-06
444,2,ROBO A BORDO DE TAXI C.V.,2021-05,44719.0,CHAPULTEPEC,2020-06
445,1,ROBO A BORDO DE TAXI C.V.,2021-05,117997.0,CHURUBUSCO,2020-06
446,2,ROBO A BORDO DE TAXI C.V.,2021-05,144779.0,CLAVERIA,2020-06
447,0,ROBO A BORDO DE TAXI C.V.,2021-05,93641.0,COAPA,2020-06
448,3,ROBO A BORDO DE TAXI C.V.,2021-05,33787.0,CONGRESO,2020-06
449,0,ROBO A BORDO DE TAXI C.V.,2021-05,67697.0,CONSULADO,2020-06
450,1,ROBO A BORDO DE TAXI C.V.,2021-05,18851.0,CORREDOR-CENTRO,2020-06
451,3,ROBO A BORDO DE TAXI C.V.,2021-05,65669.0,COYOACAN,2020-06
452,0,ROBO A BORDO DE TAXI C.V.,2021-05,101270.0,CUAJIMALPA,2020-06
453,5,ROBO A BORDO DE TAXI C.V.,2021-05,280497.0,CUAUTEPEC,2020-06
454,0,ROBO A BORDO DE TAXI C.V.,2021-05,93702.0,CUCHILLA,2020-06
455,0,ROBO A BORDO DE TAXI C.V.,2021-05,70802.0,CUITLAHUAC,2020-06
456,3,ROBO A BORDO DE TAXI C.V.,2021-05,150082.0,CULHUACAN,2020-06
457,4,ROBO A BORDO DE TAXI C.V.,2021-05,83772.0,DEL VALLE,2020-06
458,0,ROBO A BORDO DE TAXI C.V.,2021-05,94133.0,DINAMO,2020-06
459,1,ROBO A BORDO DE TAXI C.V.,2021-05,80579.0,EL YAQUI,2020-06
460,4,ROBO A BORDO DE TAXI C.V.,2021-05,177825.0,ESTRELLA,2020-06
461,1,ROBO A BORDO DE TAXI C.V.,2021-05,187026.0,FUENTE,2020-06
462,2,ROBO A BORDO DE TAXI C.V.,2021-05,95686.0,GRANJAS,2020-06
463,3,ROBO A BORDO DE TAXI C.V.,2021-05,136444.0,HORMIGA,2020-06
464,2,ROBO A BORDO DE TAXI C.V.,2021-05,174817.0,HUIPULCO-HOSPITALES,2020-06
465,3,ROBO A BORDO DE TAXI C.V.,2021-05,110025.0,IZTACCIHUATL,2020-06
466,2,ROBO A BORDO DE TAXI C.V.,2021-05,166805.0,LA NORIA,2020-06
467,0,ROBO A BORDO DE TAXI C.V.,2021-05,62180.0,LA RAZA,2020-06
468,3,ROBO A BORDO DE TAXI C.V.,2021-05,92638.0,LINDAVISTA,2020-06
469,1,ROBO A BORDO DE TAXI C.V.,2021-05,96937.0,MERCED-BALBUENA,2020-06
470,1,ROBO A BORDO DE TAXI C.V.,2021-05,64875.0,MILPA ALTA,2020-06
471,1,ROBO A BORDO DE TAXI C.V.,2021-05,29350.0,MIXCALCO-HERALDO,2020-06
472,1,ROBO A BORDO DE TAXI C.V.,2021-05,160243.0,MIXQUIC,2020-06
473,7,ROBO A BORDO DE TAXI C.V.,2021-05,121359.0,MOCTEZUMA,2020-06
474,1,ROBO A BORDO DE TAXI C.V.,2021-05,35662.0,MORELOS,2020-06
475,3,ROBO A BORDO DE TAXI C.V.,2021-05,67270.0,NAPOLES,2020-06
476,3,ROBO A BORDO DE TAXI C.V.,2021-05,113877.0,NARVARTE-ALAMOS,2020-06
477,2,ROBO A BORDO DE TAXI C.V.,2021-05,42255.0,NATIVITAS,2020-06
478,13,ROBO A BORDO DE TAXI C.V.,2021-05,,NO ESPECIFICADO,2020-06
479,3,ROBO A BORDO DE TAXI C.V.,2021-05,218084.0,OASIS,2020-06
480,3,ROBO A BORDO DE TAXI C.V.,2021-05,177697.0,PADIERNA,2020-06
481,5,ROBO A BORDO DE TAXI C.V.,2021-05,150298.0,PANTITLAN,2020-06
482,11,ROBO A BORDO DE TAXI C.V.,2021-05,263257.0,PLATEROS,2020-06
483,4,ROBO A BORDO DE TAXI C.V.,2021-05,37779.0,POLANCO-CASTILLO,2020-06
484,1,ROBO A BORDO DE TAXI C.V.,2021-05,78265.0,PORTALES,2020-06
485,4,ROBO A BORDO DE TAXI C.V.,2021-05,207608.0,PRADERA,2020-06
486,3,ROBO A BORDO DE TAXI C.V.,2021-05,278219.0,QUETZAL,2020-06
487,0,ROBO A BORDO DE TAXI C.V.,2021-05,151888.0,QUIROGA,2020-06
488,2,ROBO A BORDO DE TAXI C.V.,2021-05,34257.0,REVOLUCION-ALAMEDA,2020-06
489,5,ROBO A BORDO DE TAXI C.V.,2021-05,70434.0,ROMA,2020-06
490,1,ROBO A BORDO DE TAXI C.V.,2021-05,47620.0,SAN ANGEL,2020-06
491,0,ROBO A BORDO DE TAXI C.V.,2021-05,140415.0,SAN JERONIMO,2020-06
492,5,ROBO A BORDO DE TAXI C.V.,2021-05,193642.0,SANTA CRUZ,2020-06
493,6,ROBO A BORDO DE TAXI C.V.,2021-05,227160.0,SANTA FE,2020-06
494,2,ROBO A BORDO DE TAXI C.V.,2021-05,61100.0,SOTELO,2020-06
495,6,ROBO A BORDO DE TAXI C.V.,2021-05,155668.0,TACUBA,2020-06
496,5,ROBO A BORDO DE TAXI C.V.,2021-05,73623.0,TACUBAYA,2020-06
497,2,ROBO A BORDO DE TAXI C.V.,2021-05,115941.0,TAXQUEÑA,2020-06
498,0,ROBO A BORDO DE TAXI C.V.,2021-05,43804.0,TECOMITL,2020-06
499,1,ROBO A BORDO DE TAXI C.V.,2021-05,270493.0,TEOTONGO,2020-06
500,1,ROBO A BORDO DE TAXI C.V.,2021-05,256237.0,TEPEPAN,2020-06
501,2,ROBO A BORDO DE TAXI C.V.,2021-05,69778.0,TEPEYAC,2020-06
502,4,ROBO A BORDO DE TAXI C.V.,2021-05,295459.0,TEZONCO,2020-06
503,3,ROBO A BORDO DE TAXI C.V.,2021-05,128951.0,TICOMAN,2020-06
504,6,ROBO A BORDO DE TAXI C.V.,2021-05,124003.0,TLACOTAL,2020-06
505,1,ROBO A BORDO DE TAXI C.V.,2021-05,96337.0,TLATELOLCO,2020-06
506,2,ROBO A BORDO DE TAXI C.V.,2021-05,130167.0,UNIVERSIDAD,2020-06
507,0,ROBO A BORDO DE TAXI C.V.,2021-05,158714.0,XOTEPINGO,2020-06
508,1,ROBO A BORDO DE TAXI C.V.,2021-05,185225.0,ZAPOTITLA,2020-06
509,0,ROBO A BORDO DE TAXI C.V.,2021-05,34276.0,ZARAGOZA,2020-06
510,8,ROBO A CASA HABITACION C.V.,2021-05,171082.0,ABASTO-REFORMA,2020-06
511,19,ROBO A CASA HABITACION C.V.,2021-05,190052.0,ALPES,2020-06
512,3,ROBO A CASA HABITACION C.V.,2021-05,25606.0,ANGEL-ZONA ROSA,2020-06
513,9,ROBO A CASA HABITACION C.V.,2021-05,147265.0,ARAGON,2020-06
514,4,ROBO A CASA HABITACION C.V.,2021-05,76922.0,ARENAL,2020-06
515,4,ROBO A CASA HABITACION C.V.,2021-05,126770.0,ASTURIAS,2020-06
516,0,ROBO A CASA HABITACION C.V.,2021-05,94564.0,BUENAVISTA,2020-06
517,7,ROBO A CASA HABITACION C.V.,2021-05,44719.0,CHAPULTEPEC,2020-06
518,8,ROBO A CASA HABITACION C.V.,2021-05,117997.0,CHURUBUSCO,2020-06
519,14,ROBO A CASA HABITACION C.V.,2021-05,144779.0,CLAVERIA,2020-06
520,2,ROBO A CASA HABITACION C.V.,2021-05,93641.0,COAPA,2020-06
521,2,ROBO A CASA HABITACION C.V.,2021-05,33787.0,CONGRESO,2020-06
522,7,ROBO A CASA HABITACION C.V.,2021-05,67697.0,CONSULADO,2020-06
523,0,ROBO A CASA HABITACION C.V.,2021-05,18851.0,CORREDOR-CENTRO,2020-06
524,0,ROBO A CASA HABITACION C.V.,2021-05,65669.0,COYOACAN,2020-06
525,7,ROBO A CASA HABITACION C.V.,2021-05,101270.0,CUAJIMALPA,2020-06
526,7,ROBO A CASA HABITACION C.V.,2021-05,280497.0,CUAUTEPEC,2020-06
527,6,ROBO A CASA HABITACION C.V.,2021-05,93702.0,CUCHILLA,2020-06
528,2,ROBO A CASA HABITACION C.V.,2021-05,70802.0,CUITLAHUAC,2020-06
529,5,ROBO A CASA HABITACION C.V.,2021-05,150082.0,CULHUACAN,2020-06
530,2,ROBO A CASA HABITACION C.V.,2021-05,83772.0,DEL VALLE,2020-06
531,9,ROBO A CASA HABITACION C.V.,2021-05,94133.0,DINAMO,2020-06
532,22,ROBO A CASA HABITACION C.V.,2021-05,80579.0,EL YAQUI,2020-06
533,7,ROBO A CASA HABITACION C.V.,2021-05,177825.0,ESTRELLA,2020-06
534,25,ROBO A CASA HABITACION C.V.,2021-05,187026.0,FUENTE,2020-06
535,3,ROBO A CASA HABITACION C.V.,2021-05,95686.0,GRANJAS,2020-06
536,4,ROBO A CASA HABITACION C.V.,2021-05,136444.0,HORMIGA,2020-06
537,22,ROBO A CASA HABITACION C.V.,2021-05,174817.0,HUIPULCO-HOSPITALES,2020-06
538,7,ROBO A CASA HABITACION C.V.,2021-05,110025.0,IZTACCIHUATL,2020-06
539,12,ROBO A CASA HABITACION C.V.,2021-05,166805.0,LA NORIA,2020-06
540,3,ROBO A CASA HABITACION C.V.,2021-05,62180.0,LA RAZA,2020-06
541,2,ROBO A CASA HABITACION C.V.,2021-05,92638.0,LINDAVISTA,2020-06
542,11,ROBO A CASA HABITACION C.V.,2021-05,96937.0,MERCED-BALBUENA,2020-06
543,1,ROBO A CASA HABITACION C.V.,2021-05,64875.0,MILPA ALTA,2020-06
544,2,ROBO A CASA HABITACION C.V.,2021-05,29350.0,MIXCALCO-HERALDO,2020-06
545,21,ROBO A CASA HABITACION C.V.,2021-05,160243.0,MIXQUIC,2020-06
546,8,ROBO A CASA HABITACION C.V.,2021-05,121359.0,MOCTEZUMA,2020-06
547,4,ROBO A CASA HABITACION C.V.,2021-05,35662.0,MORELOS,2020-06
548,4,ROBO A CASA HABITACION C.V.,2021-05,67270.0,NAPOLES,2020-06
549,8,ROBO A CASA HABITACION C.V.,2021-05,113877.0,NARVARTE-ALAMOS,2020-06
550,4,ROBO A CASA HABITACION C.V.,2021-05,42255.0,NATIVITAS,2020-06
551,2,ROBO A CASA HABITACION C.V.,2021-05,,NO ESPECIFICADO,2020-06
552,12,ROBO A CASA HABITACION C.V.,2021-05,218084.0,OASIS,2020-06
553,9,ROBO A CASA HABITACION C.V.,2021-05,177697.0,PADIERNA,2020-06
554,5,ROBO A CASA HABITACION C.V.,2021-05,150298.0,PANTITLAN,2020-06
555,15,ROBO A CASA HABITACION C.V.,2021-05,263257.0,PLATEROS,2020-06
556,1,ROBO A CASA HABITACION C.V.,2021-05,37779.0,POLANCO-CASTILLO,2020-06
557,3,ROBO A CASA HABITACION C.V.,2021-05,78265.0,PORTALES,2020-06
558,12,ROBO A CASA HABITACION C.V.,2021-05,207608.0,PRADERA,2020-06
559,23,ROBO A CASA HABITACION C.V.,2021-05,278219.0,QUETZAL,2020-06
560,12,ROBO A CASA HABITACION C.V.,2021-05,151888.0,QUIROGA,2020-06
561,6,ROBO A CASA HABITACION C.V.,2021-05,34257.0,REVOLUCION-ALAMEDA,2020-06
562,5,ROBO A CASA HABITACION C.V.,2021-05,70434.0,ROMA,2020-06
563,18,ROBO A CASA HABITACION C.V.,2021-05,47620.0,SAN ANGEL,2020-06
564,15,ROBO A CASA HABITACION C.V.,2021-05,140415.0,SAN JERONIMO,2020-06
565,10,ROBO A CASA HABITACION C.V.,2021-05,193642.0,SANTA CRUZ,2020-06
566,21,ROBO A CASA HABITACION C.V.,2021-05,227160.0,SANTA FE,2020-06
567,2,ROBO A CASA HABITACION C.V.,2021-05,61100.0,SOTELO,2020-06
568,15,ROBO A CASA HABITACION C.V.,2021-05,155668.0,TACUBA,2020-06
569,6,ROBO A CASA HABITACION C.V.,2021-05,73623.0,TACUBAYA,2020-06
570,9,ROBO A CASA HABITACION C.V.,2021-05,115941.0,TAXQUEÑA,2020-06
571,1,ROBO A CASA HABITACION C.V.,2021-05,43804.0,TECOMITL,2020-06
572,12,ROBO A CASA HABITACION C.V.,2021-05,270493.0,TEOTONGO,2020-06
573,22,ROBO A CASA HABITACION C.V.,2021-05,256237.0,TEPEPAN,2020-06
574,9,ROBO A CASA HABITACION C.V.,2021-05,69778.0,TEPEYAC,2020-06
575,15,ROBO A CASA HABITACION C.V.,2021-05,295459.0,TEZONCO,2020-06
576,4,ROBO A CASA HABITACION C.V.,2021-05,128951.0,TICOMAN,2020-06
577,11,ROBO A CASA HABITACION C.V.,2021-05,124003.0,TLACOTAL,2020-06
578,4,ROBO A CASA HABITACION C.V.,2021-05,96337.0,TLATELOLCO,2020-06
579,5,ROBO A CASA HABITACION C.V.,2021-05,130167.0,UNIVERSIDAD,2020-06
580,5,ROBO A CASA HABITACION C.V.,2021-05,158714.0,XOTEPINGO,2020-06
581,14,ROBO A CASA HABITACION C.V.,2021-05,185225.0,ZAPOTITLA,2020-06
582,1,ROBO A CASA HABITACION C.V.,2021-05,34276.0,ZARAGOZA,2020-06
583,13,ROBO A CUENTAHABIENTE C.V.,2021-05,171082.0,ABASTO-REFORMA,2020-06
584,11,ROBO A CUENTAHABIENTE C.V.,2021-05,190052.0,ALPES,2020-06
585,3,ROBO A CUENTAHABIENTE C.V.,2021-05,25606.0,ANGEL-ZONA ROSA,2020-06
586,2,ROBO A CUENTAHABIENTE C.V.,2021-05,147265.0,ARAGON,2020-06
587,1,ROBO A CUENTAHABIENTE C.V.,2021-05,76922.0,ARENAL,2020-06
588,5,ROBO A CUENTAHABIENTE C.V.,2021-05,126770.0,ASTURIAS,2020-06
589,5,ROBO A CUENTAHABIENTE C.V.,2021-05,94564.0,BUENAVISTA,2020-06
590,4,ROBO A CUENTAHABIENTE C.V.,2021-05,44719.0,CHAPULTEPEC,2020-06
591,3,ROBO A CUENTAHABIENTE C.V.,2021-05,117997.0,CHURUBUSCO,2020-06
592,7,ROBO A CUENTAHABIENTE C.V.,2021-05,144779.0,CLAVERIA,2020-06
593,6,ROBO A CUENTAHABIENTE C.V.,2021-05,93641.0,COAPA,2020-06
594,3,ROBO A CUENTAHABIENTE C.V.,2021-05,33787.0,CONGRESO,2020-06
595,3,ROBO A CUENTAHABIENTE C.V.,2021-05,67697.0,CONSULADO,2020-06
596,2,ROBO A CUENTAHABIENTE C.V.,2021-05,18851.0,CORREDOR-CENTRO,2020-06
597,2,ROBO A CUENTAHABIENTE C.V.,2021-05,65669.0,COYOACAN,2020-06
598,1,ROBO A CUENTAHABIENTE C.V.,2021-05,101270.0,CUAJIMALPA,2020-06
599,5,ROBO A CUENTAHABIENTE C.V.,2021-05,280497.0,CUAUTEPEC,2020-06
600,3,ROBO A CUENTAHABIENTE C.V.,2021-05,93702.0,CUCHILLA,2020-06
601,4,ROBO A CUENTAHABIENTE C.V.,2021-05,70802.0,CUITLAHUAC,2020-06
602,2,ROBO A CUENTAHABIENTE C.V.,2021-05,150082.0,CULHUACAN,2020-06
603,2,ROBO A CUENTAHABIENTE C.V.,2021-05,83772.0,DEL VALLE,2020-06
604,3,ROBO A CUENTAHABIENTE C.V.,2021-05,94133.0,DINAMO,2020-06
605,0,ROBO A CUENTAHABIENTE C.V.,2021-05,80579.0,EL YAQUI,2020-06
606,6,ROBO A CUENTAHABIENTE C.V.,2021-05,177825.0,ESTRELLA,2020-06
607,2,ROBO A CUENTAHABIENTE C.V.,2021-05,187026.0,FUENTE,2020-06
608,3,ROBO A CUENTAHABIENTE C.V.,2021-05,95686.0,GRANJAS,2020-06
609,2,ROBO A CUENTAHABIENTE C.V.,2021-05,136444.0,HORMIGA,2020-06
610,8,ROBO A CUENTAHABIENTE C.V.,2021-05,174817.0,HUIPULCO-HOSPITALES,2020-06
611,5,ROBO A CUENTAHABIENTE C.V.,2021-05,110025.0,IZTACCIHUATL,2020-06
612,1,ROBO A CUENTAHABIENTE C.V.,2021-05,166805.0,LA NORIA,2020-06
613,4,ROBO A CUENTAHABIENTE C.V.,2021-05,62180.0,LA RAZA,2020-06
614,10,ROBO A CUENTAHABIENTE C.V.,2021-05,92638.0,LINDAVISTA,2020-06
615,8,ROBO A CUENTAHABIENTE C.V.,2021-05,96937.0,MERCED-BALBUENA,2020-06
616,1,ROBO A CUENTAHABIENTE C.V.,2021-05,64875.0,MILPA ALTA,2020-06
617,3,ROBO A CUENTAHABIENTE C.V.,2021-05,29350.0,MIXCALCO-HERALDO,2020-06
618,8,ROBO A CUENTAHABIENTE C.V.,2021-05,160243.0,MIXQUIC,2020-06
619,13,ROBO A CUENTAHABIENTE C.V.,2021-05,121359.0,MOCTEZUMA,2020-06
620,0,ROBO A CUENTAHABIENTE C.V.,2021-05,35662.0,MORELOS,2020-06
621,6,ROBO A CUENTAHABIENTE C.V.,2021-05,67270.0,NAPOLES,2020-06
622,4,ROBO A CUENTAHABIENTE C.V.,2021-05,113877.0,NARVARTE-ALAMOS,2020-06
623,3,ROBO A CUENTAHABIENTE C.V.,2021-05,42255.0,NATIVITAS,2020-06
624,10,ROBO A CUENTAHABIENTE C.V.,2021-05,,NO ESPECIFICADO,2020-06
625,7,ROBO A CUENTAHABIENTE C.V.,2021-05,218084.0,OASIS,2020-06
626,0,ROBO A CUENTAHABIENTE C.V.,2021-05,177697.0,PADIERNA,2020-06
627,5,ROBO A CUENTAHABIENTE C.V.,2021-05,150298.0,PANTITLAN,2020-06
628,15,ROBO A CUENTAHABIENTE C.V.,2021-05,263257.0,PLATEROS,2020-06
629,6,ROBO A CUENTAHABIENTE C.V.,2021-05,37779.0,POLANCO-CASTILLO,2020-06
630,4,ROBO A CUENTAHABIENTE C.V.,2021-05,78265.0,PORTALES,2020-06
631,4,ROBO A CUENTAHABIENTE C.V.,2021-05,207608.0,PRADERA,2020-06
632,0,ROBO A CUENTAHABIENTE C.V.,2021-05,278219.0,QUETZAL,2020-06
633,7,ROBO A CUENTAHABIENTE C.V.,2021-05,151888.0,QUIROGA,2020-06
634,5,ROBO A CUENTAHABIENTE C.V.,2021-05,34257.0,REVOLUCION-ALAMEDA,2020-06
635,3,ROBO A CUENTAHABIENTE C.V.,2021-05,70434.0,ROMA,2020-06
636,16,ROBO A CUENTAHABIENTE C.V.,2021-05,47620.0,SAN ANGEL,2020-06
637,2,ROBO A CUENTAHABIENTE C.V.,2021-05,140415.0,SAN JERONIMO,2020-06
638,6,ROBO A CUENTAHABIENTE C.V.,2021-05,193642.0,SANTA CRUZ,2020-06
639,8,ROBO A CUENTAHABIENTE C.V.,2021-05,227160.0,SANTA FE,2020-06
640,5,ROBO A CUENTAHABIENTE C.V.,2021-05,61100.0,SOTELO,2020-06
641,13,ROBO A CUENTAHABIENTE C.V.,2021-05,155668.0,TACUBA,2020-06
642,8,ROBO A CUENTAHABIENTE C.V.,2021-05,73623.0,TACUBAYA,2020-06
643,5,ROBO A CUENTAHABIENTE C.V.,2021-05,115941.0,TAXQUEÑA,2020-06
644,0,ROBO A CUENTAHABIENTE C.V.,2021-05,43804.0,TECOMITL,2020-06
645,2,ROBO A CUENTAHABIENTE C.V.,2021-05,270493.0,TEOTONGO,2020-06
646,8,ROBO A CUENTAHABIENTE C.V.,2021-05,256237.0,TEPEPAN,2020-06
647,6,ROBO A CUENTAHABIENTE C.V.,2021-05,69778.0,TEPEYAC,2020-06
648,10,ROBO A CUENTAHABIENTE C.V.,2021-05,295459.0,TEZONCO,2020-06
649,11,ROBO A CUENTAHABIENTE C.V.,2021-05,128951.0,TICOMAN,2020-06
650,6,ROBO A CUENTAHABIENTE C.V.,2021-05,124003.0,TLACOTAL,2020-06
651,0,ROBO A CUENTAHABIENTE C.V.,2021-05,96337.0,TLATELOLCO,2020-06
652,10,ROBO A CUENTAHABIENTE C.V.,2021-05,130167.0,UNIVERSIDAD,2020-06
653,4,ROBO A CUENTAHABIENTE C.V.,2021-05,158714.0,XOTEPINGO,2020-06
654,1,ROBO A CUENTAHABIENTE C.V.,2021-05,185225.0,ZAPOTITLA,2020-06
655,2,ROBO A CUENTAHABIENTE C.V.,2021-05,34276.0,ZARAGOZA,2020-06
656,169,ROBO A NEGOCIO C.V.,2021-05,171082.0,ABASTO-REFORMA,2020-06
657,57,ROBO A NEGOCIO C.V.,2021-05,190052.0,ALPES,2020-06
658,16,ROBO A NEGOCIO C.V.,2021-05,25606.0,ANGEL-ZONA ROSA,2020-06
659,46,ROBO A NEGOCIO C.V.,2021-05,147265.0,ARAGON,2020-06
660,22,ROBO A NEGOCIO C.V.,2021-05,76922.0,ARENAL,2020-06
661,77,ROBO A NEGOCIO C.V.,2021-05,126770.0,ASTURIAS,2020-06
662,44,ROBO A NEGOCIO C.V.,2021-05,94564.0,BUENAVISTA,2020-06
663,0,ROBO A NEGOCIO C.V.,2021-05,44719.0,CHAPULTEPEC,2020-06
664,57,ROBO A NEGOCIO C.V.,2021-05,117997.0,CHURUBUSCO,2020-06
665,88,ROBO A NEGOCIO C.V.,2021-05,144779.0,CLAVERIA,2020-06
666,31,ROBO A NEGOCIO C.V.,2021-05,93641.0,COAPA,2020-06
667,14,ROBO A NEGOCIO C.V.,2021-05,33787.0,CONGRESO,2020-06
668,36,ROBO A NEGOCIO C.V.,2021-05,67697.0,CONSULADO,2020-06
669,21,ROBO A NEGOCIO C.V.,2021-05,18851.0,CORREDOR-CENTRO,2020-06
670,18,ROBO A NEGOCIO C.V.,2021-05,65669.0,COYOACAN,2020-06
671,12,ROBO A NEGOCIO C.V.,2021-05,101270.0,CUAJIMALPA,2020-06
672,34,ROBO A NEGOCIO C.V.,2021-05,280497.0,CUAUTEPEC,2020-06
673,58,ROBO A NEGOCIO C.V.,2021-05,93702.0,CUCHILLA,2020-06
674,37,ROBO A NEGOCIO C.V.,2021-05,70802.0,CUITLAHUAC,2020-06
675,23,ROBO A NEGOCIO C.V.,2021-05,150082.0,CULHUACAN,2020-06
676,26,ROBO A NEGOCIO C.V.,2021-05,83772.0,DEL VALLE,2020-06
677,10,ROBO A NEGOCIO C.V.,2021-05,94133.0,DINAMO,2020-06
678,9,ROBO A NEGOCIO C.V.,2021-05,80579.0,EL YAQUI,2020-06
679,63,ROBO A NEGOCIO C.V.,2021-05,177825.0,ESTRELLA,2020-06
680,35,ROBO A NEGOCIO C.V.,2021-05,187026.0,FUENTE,2020-06
681,35,ROBO A NEGOCIO C.V.,2021-05,95686.0,GRANJAS,2020-06
682,36,ROBO A NEGOCIO C.V.,2021-05,136444.0,HORMIGA,2020-06
683,80,ROBO A NEGOCIO C.V.,2021-05,174817.0,HUIPULCO-HOSPITALES,2020-06
684,32,ROBO A NEGOCIO C.V.,2021-05,110025.0,IZTACCIHUATL,2020-06
685,29,ROBO A NEGOCIO C.V.,2021-05,166805.0,LA NORIA,2020-06
686,28,ROBO A NEGOCIO C.V.,2021-05,62180.0,LA RAZA,2020-06
687,61,ROBO A NEGOCIO C.V.,2021-05,92638.0,LINDAVISTA,2020-06
688,38,ROBO A NEGOCIO C.V.,2021-05,96937.0,MERCED-BALBUENA,2020-06
689,5,ROBO A NEGOCIO C.V.,2021-05,64875.0,MILPA ALTA,2020-06
690,19,ROBO A NEGOCIO C.V.,2021-05,29350.0,MIXCALCO-HERALDO,2020-06
691,54,ROBO A NEGOCIO C.V.,2021-05,160243.0,MIXQUIC,2020-06
692,78,ROBO A NEGOCIO C.V.,2021-05,121359.0,MOCTEZUMA,2020-06
693,5,ROBO A NEGOCIO C.V.,2021-05,35662.0,MORELOS,2020-06
694,29,ROBO A NEGOCIO C.V.,2021-05,67270.0,NAPOLES,2020-06
695,35,ROBO A NEGOCIO C.V.,2021-05,113877.0,NARVARTE-ALAMOS,2020-06
696,16,ROBO A NEGOCIO C.V.,2021-05,42255.0,NATIVITAS,2020-06
697,6,ROBO A NEGOCIO C.V.,2021-05,,NO ESPECIFICADO,2020-06
698,42,ROBO A NEGOCIO C.V.,2021-05,218084.0,OASIS,2020-06
699,48,ROBO A NEGOCIO C.V.,2021-05,177697.0,PADIERNA,2020-06
700,61,ROBO A NEGOCIO C.V.,2021-05,150298.0,PANTITLAN,2020-06
701,42,ROBO A NEGOCIO C.V.,2021-05,263257.0,PLATEROS,2020-06
702,21,ROBO A NEGOCIO C.V.,2021-05,37779.0,POLANCO-CASTILLO,2020-06
703,27,ROBO A NEGOCIO C.V.,2021-05,78265.0,PORTALES,2020-06
704,65,ROBO A NEGOCIO C.V.,2021-05,207608.0,PRADERA,2020-06
705,61,ROBO A NEGOCIO C.V.,2021-05,278219.0,QUETZAL,2020-06
706,41,ROBO A NEGOCIO C.V.,2021-05,151888.0,QUIROGA,2020-06
707,26,ROBO A NEGOCIO C.V.,2021-05,34257.0,REVOLUCION-ALAMEDA,2020-06
708,61,ROBO A NEGOCIO C.V.,2021-05,70434.0,ROMA,2020-06
709,40,ROBO A NEGOCIO C.V.,2021-05,47620.0,SAN ANGEL,2020-06
710,18,ROBO A NEGOCIO C.V.,2021-05,140415.0,SAN JERONIMO,2020-06
711,72,ROBO A NEGOCIO C.V.,2021-05,193642.0,SANTA CRUZ,2020-06
712,89,ROBO A NEGOCIO C.V.,2021-05,227160.0,SANTA FE,2020-06
713,23,ROBO A NEGOCIO C.V.,2021-05,61100.0,SOTELO,2020-06
714,132,ROBO A NEGOCIO C.V.,2021-05,155668.0,TACUBA,2020-06
715,61,ROBO A NEGOCIO C.V.,2021-05,73623.0,TACUBAYA,2020-06
716,25,ROBO A NEGOCIO C.V.,2021-05,115941.0,TAXQUEÑA,2020-06
717,3,ROBO A NEGOCIO C.V.,2021-05,43804.0,TECOMITL,2020-06
718,74,ROBO A NEGOCIO C.V.,2021-05,270493.0,TEOTONGO,2020-06
719,38,ROBO A NEGOCIO C.V.,2021-05,256237.0,TEPEPAN,2020-06
720,51,ROBO A NEGOCIO C.V.,2021-05,69778.0,TEPEYAC,2020-06
721,83,ROBO A NEGOCIO C.V.,2021-05,295459.0,TEZONCO,2020-06
722,27,ROBO A NEGOCIO C.V.,2021-05,128951.0,TICOMAN,2020-06
723,48,ROBO A NEGOCIO C.V.,2021-05,124003.0,TLACOTAL,2020-06
724,17,ROBO A NEGOCIO C.V.,2021-05,96337.0,TLATELOLCO,2020-06
725,20,ROBO A NEGOCIO C.V.,2021-05,130167.0,UNIVERSIDAD,2020-06
726,37,ROBO A NEGOCIO C.V.,2021-05,158714.0,XOTEPINGO,2020-06
727,45,ROBO A NEGOCIO C.V.,2021-05,185225.0,ZAPOTITLA,2020-06
728,18,ROBO A NEGOCIO C.V.,2021-05,34276.0,ZARAGOZA,2020-06
729,47,ROBO A REPARTIDOR C.V.,2021-05,171082.0,ABASTO-REFORMA,2020-06
730,27,ROBO A REPARTIDOR C.V.,2021-05,190052.0,ALPES,2020-06
731,6,ROBO A REPARTIDOR C.V.,2021-05,25606.0,ANGEL-ZONA ROSA,2020-06
732,18,ROBO A REPARTIDOR C.V.,2021-05,147265.0,ARAGON,2020-06
733,10,ROBO A REPARTIDOR C.V.,2021-05,76922.0,ARENAL,2020-06
734,13,ROBO A REPARTIDOR C.V.,2021-05,126770.0,ASTURIAS,2020-06
735,6,ROBO A REPARTIDOR C.V.,2021-05,94564.0,BUENAVISTA,2020-06
736,4,ROBO A REPARTIDOR C.V.,2021-05,44719.0,CHAPULTEPEC,2020-06
737,9,ROBO A REPARTIDOR C.V.,2021-05,117997.0,CHURUBUSCO,2020-06
738,48,ROBO A REPARTIDOR C.V.,2021-05,144779.0,CLAVERIA,2020-06
739,6,ROBO A REPARTIDOR C.V.,2021-05,93641.0,COAPA,2020-06
740,10,ROBO A REPARTIDOR C.V.,2021-05,33787.0,CONGRESO,2020-06
741,20,ROBO A REPARTIDOR C.V.,2021-05,67697.0,CONSULADO,2020-06
742,6,ROBO A REPARTIDOR C.V.,2021-05,18851.0,CORREDOR-CENTRO,2020-06
743,4,ROBO A REPARTIDOR C.V.,2021-05,65669.0,COYOACAN,2020-06
744,3,ROBO A REPARTIDOR C.V.,2021-05,101270.0,CUAJIMALPA,2020-06
745,42,ROBO A REPARTIDOR C.V.,2021-05,280497.0,CUAUTEPEC,2020-06
746,15,ROBO A REPARTIDOR C.V.,2021-05,93702.0,CUCHILLA,2020-06
747,11,ROBO A REPARTIDOR C.V.,2021-05,70802.0,CUITLAHUAC,2020-06
748,7,ROBO A REPARTIDOR C.V.,2021-05,150082.0,CULHUACAN,2020-06
749,4,ROBO A REPARTIDOR C.V.,2021-05,83772.0,DEL VALLE,2020-06
750,12,ROBO A REPARTIDOR C.V.,2021-05,94133.0,DINAMO,2020-06
751,5,ROBO A REPARTIDOR C.V.,2021-05,80579.0,EL YAQUI,2020-06
752,43,ROBO A REPARTIDOR C.V.,2021-05,177825.0,ESTRELLA,2020-06
753,9,ROBO A REPARTIDOR C.V.,2021-05,187026.0,FUENTE,2020-06
754,23,ROBO A REPARTIDOR C.V.,2021-05,95686.0,GRANJAS,2020-06
755,45,ROBO A REPARTIDOR C.V.,2021-05,136444.0,HORMIGA,2020-06
756,17,ROBO A REPARTIDOR C.V.,2021-05,174817.0,HUIPULCO-HOSPITALES,2020-06
757,19,ROBO A REPARTIDOR C.V.,2021-05,110025.0,IZTACCIHUATL,2020-06
758,18,ROBO A REPARTIDOR C.V.,2021-05,166805.0,LA NORIA,2020-06
759,17,ROBO A REPARTIDOR C.V.,2021-05,62180.0,LA RAZA,2020-06
760,19,ROBO A REPARTIDOR C.V.,2021-05,92638.0,LINDAVISTA,2020-06
761,8,ROBO A REPARTIDOR C.V.,2021-05,96937.0,MERCED-BALBUENA,2020-06
762,9,ROBO A REPARTIDOR C.V.,2021-05,64875.0,MILPA ALTA,2020-06
763,6,ROBO A REPARTIDOR C.V.,2021-05,29350.0,MIXCALCO-HERALDO,2020-06
764,27,ROBO A REPARTIDOR C.V.,2021-05,160243.0,MIXQUIC,2020-06
765,39,ROBO A REPARTIDOR C.V.,2021-05,121359.0,MOCTEZUMA,2020-06
766,5,ROBO A REPARTIDOR C.V.,2021-05,35662.0,MORELOS,2020-06
767,3,ROBO A REPARTIDOR C.V.,2021-05,67270.0,NAPOLES,2020-06
768,10,ROBO A REPARTIDOR C.V.,2021-05,113877.0,NARVARTE-ALAMOS,2020-06
769,1,ROBO A REPARTIDOR C.V.,2021-05,42255.0,NATIVITAS,2020-06
770,48,ROBO A REPARTIDOR C.V.,2021-05,,NO ESPECIFICADO,2020-06
771,111,ROBO A REPARTIDOR C.V.,2021-05,218084.0,OASIS,2020-06
772,35,ROBO A REPARTIDOR C.V.,2021-05,177697.0,PADIERNA,2020-06
773,19,ROBO A REPARTIDOR C.V.,2021-05,150298.0,PANTITLAN,2020-06
774,144,ROBO A REPARTIDOR C.V.,2021-05,263257.0,PLATEROS,2020-06
775,4,ROBO A REPARTIDOR C.V.,2021-05,37779.0,POLANCO-CASTILLO,2020-06
776,8,ROBO A REPARTIDOR C.V.,2021-05,78265.0,PORTALES,2020-06
777,29,ROBO A REPARTIDOR C.V.,2021-05,207608.0,PRADERA,2020-06
778,92,ROBO A REPARTIDOR C.V.,2021-05,278219.0,QUETZAL,2020-06
779,38,ROBO A REPARTIDOR C.V.,2021-05,151888.0,QUIROGA,2020-06
780,7,ROBO A REPARTIDOR C.V.,2021-05,34257.0,REVOLUCION-ALAMEDA,2020-06
781,4,ROBO A REPARTIDOR C.V.,2021-05,70434.0,ROMA,2020-06
782,5,ROBO A REPARTIDOR C.V.,2021-05,47620.0,SAN ANGEL,2020-06
783,18,ROBO A REPARTIDOR C.V.,2021-05,140415.0,SAN JERONIMO,2020-06
784,46,ROBO A REPARTIDOR C.V.,2021-05,193642.0,SANTA CRUZ,2020-06
785,101,ROBO A REPARTIDOR C.V.,2021-05,227160.0,SANTA FE,2020-06
786,17,ROBO A REPARTIDOR C.V.,2021-05,61100.0,SOTELO,2020-06
787,50,ROBO A REPARTIDOR C.V.,2021-05,155668.0,TACUBA,2020-06
788,19,ROBO A REPARTIDOR C.V.,2021-05,73623.0,TACUBAYA,2020-06
789,5,ROBO A REPARTIDOR C.V.,2021-05,115941.0,TAXQUEÑA,2020-06
790,4,ROBO A REPARTIDOR C.V.,2021-05,43804.0,TECOMITL,2020-06
791,50,ROBO A REPARTIDOR C.V.,2021-05,270493.0,TEOTONGO,2020-06
792,46,ROBO A REPARTIDOR C.V.,2021-05,256237.0,TEPEPAN,2020-06
793,16,ROBO A REPARTIDOR C.V.,2021-05,69778.0,TEPEYAC,2020-06
794,50,ROBO A REPARTIDOR C.V.,2021-05,295459.0,TEZONCO,2020-06
795,19,ROBO A REPARTIDOR C.V.,2021-05,128951.0,TICOMAN,2020-06
796,28,ROBO A REPARTIDOR C.V.,2021-05,124003.0,TLACOTAL,2020-06
797,8,ROBO A REPARTIDOR C.V.,2021-05,96337.0,TLATELOLCO,2020-06
798,10,ROBO A REPARTIDOR C.V.,2021-05,130167.0,UNIVERSIDAD,2020-06
799,19,ROBO A REPARTIDOR C.V.,2021-05,158714.0,XOTEPINGO,2020-06
800,30,ROBO A REPARTIDOR C.V.,2021-05,185225.0,ZAPOTITLA,2020-06
801,3,ROBO A REPARTIDOR C.V.,2021-05,34276.0,ZARAGOZA,2020-06
802,43,ROBO A REPARTIDOR S.V.,2021-05,171082.0,ABASTO-REFORMA,2020-06
803,13,ROBO A REPARTIDOR S.V.,2021-05,190052.0,ALPES,2020-06
804,3,ROBO A REPARTIDOR S.V.,2021-05,25606.0,ANGEL-ZONA ROSA,2020-06
805,3,ROBO A REPARTIDOR S.V.,2021-05,147265.0,ARAGON,2020-06
806,4,ROBO A REPARTIDOR S.V.,2021-05,76922.0,ARENAL,2020-06
807,4,ROBO A REPARTIDOR S.V.,2021-05,126770.0,ASTURIAS,2020-06
808,4,ROBO A REPARTIDOR S.V.,2021-05,94564.0,BUENAVISTA,2020-06
809,1,ROBO A REPARTIDOR S.V.,2021-05,44719.0,CHAPULTEPEC,2020-06
810,3,ROBO A REPARTIDOR S.V.,2021-05,117997.0,CHURUBUSCO,2020-06
811,7,ROBO A REPARTIDOR S.V.,2021-05,144779.0,CLAVERIA,2020-06
812,13,ROBO A REPARTIDOR S.V.,2021-05,93641.0,COAPA,2020-06
813,9,ROBO A REPARTIDOR S.V.,2021-05,33787.0,CONGRESO,2020-06
814,6,ROBO A REPARTIDOR S.V.,2021-05,67697.0,CONSULADO,2020-06
815,10,ROBO A REPARTIDOR S.V.,2021-05,18851.0,CORREDOR-CENTRO,2020-06
816,3,ROBO A REPARTIDOR S.V.,2021-05,65669.0,COYOACAN,2020-06
817,0,ROBO A REPARTIDOR S.V.,2021-05,101270.0,CUAJIMALPA,2020-06
818,5,ROBO A REPARTIDOR S.V.,2021-05,280497.0,CUAUTEPEC,2020-06
819,4,ROBO A REPARTIDOR S.V.,2021-05,93702.0,CUCHILLA,2020-06
820,6,ROBO A REPARTIDOR S.V.,2021-05,70802.0,CUITLAHUAC,2020-06
821,8,ROBO A REPARTIDOR S.V.,2021-05,150082.0,CULHUACAN,2020-06
822,7,ROBO A REPARTIDOR S.V.,2021-05,83772.0,DEL VALLE,2020-06
823,5,ROBO A REPARTIDOR S.V.,2021-05,94133.0,DINAMO,2020-06
824,3,ROBO A REPARTIDOR S.V.,2021-05,80579.0,EL YAQUI,2020-06
825,5,ROBO A REPARTIDOR S.V.,2021-05,177825.0,ESTRELLA,2020-06
826,6,ROBO A REPARTIDOR S.V.,2021-05,187026.0,FUENTE,2020-06
827,4,ROBO A REPARTIDOR S.V.,2021-05,95686.0,GRANJAS,2020-06
828,15,ROBO A REPARTIDOR S.V.,2021-05,136444.0,HORMIGA,2020-06
829,4,ROBO A REPARTIDOR S.V.,2021-05,174817.0,HUIPULCO-HOSPITALES,2020-06
830,9,ROBO A REPARTIDOR S.V.,2021-05,110025.0,IZTACCIHUATL,2020-06
831,4,ROBO A REPARTIDOR S.V.,2021-05,166805.0,LA NORIA,2020-06
832,3,ROBO A REPARTIDOR S.V.,2021-05,62180.0,LA RAZA,2020-06
833,12,ROBO A REPARTIDOR S.V.,2021-05,92638.0,LINDAVISTA,2020-06
834,1,ROBO A REPARTIDOR S.V.,2021-05,96937.0,MERCED-BALBUENA,2020-06
835,0,ROBO A REPARTIDOR S.V.,2021-05,64875.0,MILPA ALTA,2020-06
836,21,ROBO A REPARTIDOR S.V.,2021-05,29350.0,MIXCALCO-HERALDO,2020-06
837,2,ROBO A REPARTIDOR S.V.,2021-05,160243.0,MIXQUIC,2020-06
838,8,ROBO A REPARTIDOR S.V.,2021-05,121359.0,MOCTEZUMA,2020-06
839,4,ROBO A REPARTIDOR S.V.,2021-05,35662.0,MORELOS,2020-06
840,6,ROBO A REPARTIDOR S.V.,2021-05,67270.0,NAPOLES,2020-06
841,6,ROBO A REPARTIDOR S.V.,2021-05,113877.0,NARVARTE-ALAMOS,2020-06
842,2,ROBO A REPARTIDOR S.V.,2021-05,42255.0,NATIVITAS,2020-06
843,14,ROBO A REPARTIDOR S.V.,2021-05,,NO ESPECIFICADO,2020-06
844,11,ROBO A REPARTIDOR S.V.,2021-05,218084.0,OASIS,2020-06
845,4,ROBO A REPARTIDOR S.V.,2021-05,177697.0,PADIERNA,2020-06
846,30,ROBO A REPARTIDOR S.V.,2021-05,150298.0,PANTITLAN,2020-06
847,27,ROBO A REPARTIDOR S.V.,2021-05,263257.0,PLATEROS,2020-06
848,6,ROBO A REPARTIDOR S.V.,2021-05,37779.0,POLANCO-CASTILLO,2020-06
849,8,ROBO A REPARTIDOR S.V.,2021-05,78265.0,PORTALES,2020-06
850,5,ROBO A REPARTIDOR S.V.,2021-05,207608.0,PRADERA,2020-06
851,8,ROBO A REPARTIDOR S.V.,2021-05,278219.0,QUETZAL,2020-06
852,4,ROBO A REPARTIDOR S.V.,2021-05,151888.0,QUIROGA,2020-06
853,16,ROBO A REPARTIDOR S.V.,2021-05,34257.0,REVOLUCION-ALAMEDA,2020-06
854,10,ROBO A REPARTIDOR S.V.,2021-05,70434.0,ROMA,2020-06
855,16,ROBO A REPARTIDOR S.V.,2021-05,47620.0,SAN ANGEL,2020-06
856,8,ROBO A REPARTIDOR S.V.,2021-05,140415.0,SAN JERONIMO,2020-06
857,4,ROBO A REPARTIDOR S.V.,2021-05,193642.0,SANTA CRUZ,2020-06
858,8,ROBO A REPARTIDOR S.V.,2021-05,227160.0,SANTA FE,2020-06
859,4,ROBO A REPARTIDOR S.V.,2021-05,61100.0,SOTELO,2020-06
860,19,ROBO A REPARTIDOR S.V.,2021-05,155668.0,TACUBA,2020-06
861,6,ROBO A REPARTIDOR S.V.,2021-05,73623.0,TACUBAYA,2020-06
862,6,ROBO A REPARTIDOR S.V.,2021-05,115941.0,TAXQUEÑA,2020-06
863,0,ROBO A REPARTIDOR S.V.,2021-05,43804.0,TECOMITL,2020-06
864,2,ROBO A REPARTIDOR S.V.,2021-05,270493.0,TEOTONGO,2020-06
865,8,ROBO A REPARTIDOR S.V.,2021-05,256237.0,TEPEPAN,2020-06
866,2,ROBO A REPARTIDOR S.V.,2021-05,69778.0,TEPEYAC,2020-06
867,10,ROBO A REPARTIDOR S.V.,2021-05,295459.0,TEZONCO,2020-06
868,9,ROBO A REPARTIDOR S.V.,2021-05,128951.0,TICOMAN,2020-06
869,5,ROBO A REPARTIDOR S.V.,2021-05,124003.0,TLACOTAL,2020-06
870,4,ROBO A REPARTIDOR S.V.,2021-05,96337.0,TLATELOLCO,2020-06
871,6,ROBO A REPARTIDOR S.V.,2021-05,130167.0,UNIVERSIDAD,2020-06
872,11,ROBO A REPARTIDOR S.V.,2021-05,158714.0,XOTEPINGO,2020-06
873,5,ROBO A REPARTIDOR S.V.,2021-05,185225.0,ZAPOTITLA,2020-06
874,0,ROBO A REPARTIDOR S.V.,2021-05,34276.0,ZARAGOZA,2020-06
875,225,ROBO A TRANSEUNTE C.V.,2021-05,171082.0,ABASTO-REFORMA,2020-06
876,102,ROBO A TRANSEUNTE C.V.,2021-05,190052.0,ALPES,2020-06
877,38,ROBO A TRANSEUNTE C.V.,2021-05,25606.0,ANGEL-ZONA ROSA,2020-06
878,90,ROBO A TRANSEUNTE C.V.,2021-05,147265.0,ARAGON,2020-06
879,76,ROBO A TRANSEUNTE C.V.,2021-05,76922.0,ARENAL,2020-06
880,211,ROBO A TRANSEUNTE C.V.,2021-05,126770.0,ASTURIAS,2020-06
881,105,ROBO A TRANSEUNTE C.V.,2021-05,94564.0,BUENAVISTA,2020-06
882,22,ROBO A TRANSEUNTE C.V.,2021-05,44719.0,CHAPULTEPEC,2020-06
883,44,ROBO A TRANSEUNTE C.V.,2021-05,117997.0,CHURUBUSCO,2020-06
884,197,ROBO A TRANSEUNTE C.V.,2021-05,144779.0,CLAVERIA,2020-06
885,71,ROBO A TRANSEUNTE C.V.,2021-05,93641.0,COAPA,2020-06
886,161,ROBO A TRANSEUNTE C.V.,2021-05,33787.0,CONGRESO,2020-06
887,89,ROBO A TRANSEUNTE C.V.,2021-05,67697.0,CONSULADO,2020-06
888,69,ROBO A TRANSEUNTE C.V.,2021-05,18851.0,CORREDOR-CENTRO,2020-06
889,77,ROBO A TRANSEUNTE C.V.,2021-05,65669.0,COYOACAN,2020-06
890,40,ROBO A TRANSEUNTE C.V.,2021-05,101270.0,CUAJIMALPA,2020-06
891,125,ROBO A TRANSEUNTE C.V.,2021-05,280497.0,CUAUTEPEC,2020-06
892,54,ROBO A TRANSEUNTE C.V.,2021-05,93702.0,CUCHILLA,2020-06
893,63,ROBO A TRANSEUNTE C.V.,2021-05,70802.0,CUITLAHUAC,2020-06
894,105,ROBO A TRANSEUNTE C.V.,2021-05,150082.0,CULHUACAN,2020-06
895,74,ROBO A TRANSEUNTE C.V.,2021-05,83772.0,DEL VALLE,2020-06
896,41,ROBO A TRANSEUNTE C.V.,2021-05,94133.0,DINAMO,2020-06
897,19,ROBO A TRANSEUNTE C.V.,2021-05,80579.0,EL YAQUI,2020-06
898,95,ROBO A TRANSEUNTE C.V.,2021-05,177825.0,ESTRELLA,2020-06
899,72,ROBO A TRANSEUNTE C.V.,2021-05,187026.0,FUENTE,2020-06
900,81,ROBO A TRANSEUNTE C.V.,2021-05,95686.0,GRANJAS,2020-06
901,124,ROBO A TRANSEUNTE C.V.,2021-05,136444.0,HORMIGA,2020-06
902,102,ROBO A TRANSEUNTE C.V.,2021-05,174817.0,HUIPULCO-HOSPITALES,2020-06
903,101,ROBO A TRANSEUNTE C.V.,2021-05,110025.0,IZTACCIHUATL,2020-06
904,54,ROBO A TRANSEUNTE C.V.,2021-05,166805.0,LA NORIA,2020-06
905,79,ROBO A TRANSEUNTE C.V.,2021-05,62180.0,LA RAZA,2020-06
906,131,ROBO A TRANSEUNTE C.V.,2021-05,92638.0,LINDAVISTA,2020-06
907,119,ROBO A TRANSEUNTE C.V.,2021-05,96937.0,MERCED-BALBUENA,2020-06
908,26,ROBO A TRANSEUNTE C.V.,2021-05,64875.0,MILPA ALTA,2020-06
909,127,ROBO A TRANSEUNTE C.V.,2021-05,29350.0,MIXCALCO-HERALDO,2020-06
910,167,ROBO A TRANSEUNTE C.V.,2021-05,160243.0,MIXQUIC,2020-06
911,132,ROBO A TRANSEUNTE C.V.,2021-05,121359.0,MOCTEZUMA,2020-06
912,56,ROBO A TRANSEUNTE C.V.,2021-05,35662.0,MORELOS,2020-06
913,137,ROBO A TRANSEUNTE C.V.,2021-05,67270.0,NAPOLES,2020-06
914,136,ROBO A TRANSEUNTE C.V.,2021-05,113877.0,NARVARTE-ALAMOS,2020-06
915,61,ROBO A TRANSEUNTE C.V.,2021-05,42255.0,NATIVITAS,2020-06
916,91,ROBO A TRANSEUNTE C.V.,2021-05,,NO ESPECIFICADO,2020-06
917,281,ROBO A TRANSEUNTE C.V.,2021-05,218084.0,OASIS,2020-06
918,82,ROBO A TRANSEUNTE C.V.,2021-05,177697.0,PADIERNA,2020-06
919,103,ROBO A TRANSEUNTE C.V.,2021-05,150298.0,PANTITLAN,2020-06
920,344,ROBO A TRANSEUNTE C.V.,2021-05,263257.0,PLATEROS,2020-06
921,89,ROBO A TRANSEUNTE C.V.,2021-05,37779.0,POLANCO-CASTILLO,2020-06
922,82,ROBO A TRANSEUNTE C.V.,2021-05,78265.0,PORTALES,2020-06
923,101,ROBO A TRANSEUNTE C.V.,2021-05,207608.0,PRADERA,2020-06
924,251,ROBO A TRANSEUNTE C.V.,2021-05,278219.0,QUETZAL,2020-06
925,129,ROBO A TRANSEUNTE C.V.,2021-05,151888.0,QUIROGA,2020-06
926,121,ROBO A TRANSEUNTE C.V.,2021-05,34257.0,REVOLUCION-ALAMEDA,2020-06
927,90,ROBO A TRANSEUNTE C.V.,2021-05,70434.0,ROMA,2020-06
928,85,ROBO A TRANSEUNTE C.V.,2021-05,47620.0,SAN ANGEL,2020-06
929,54,ROBO A TRANSEUNTE C.V.,2021-05,140415.0,SAN JERONIMO,2020-06
930,183,ROBO A TRANSEUNTE C.V.,2021-05,193642.0,SANTA CRUZ,2020-06
931,216,ROBO A TRANSEUNTE C.V.,2021-05,227160.0,SANTA FE,2020-06
932,91,ROBO A TRANSEUNTE C.V.,2021-05,61100.0,SOTELO,2020-06
933,407,ROBO A TRANSEUNTE C.V.,2021-05,155668.0,TACUBA,2020-06
934,205,ROBO A TRANSEUNTE C.V.,2021-05,73623.0,TACUBAYA,2020-06
935,90,ROBO A TRANSEUNTE C.V.,2021-05,115941.0,TAXQUEÑA,2020-06
936,27,ROBO A TRANSEUNTE C.V.,2021-05,43804.0,TECOMITL,2020-06
937,165,ROBO A TRANSEUNTE C.V.,2021-05,270493.0,TEOTONGO,2020-06
938,199,ROBO A TRANSEUNTE C.V.,2021-05,256237.0,TEPEPAN,2020-06
939,89,ROBO A TRANSEUNTE C.V.,2021-05,69778.0,TEPEYAC,2020-06
940,240,ROBO A TRANSEUNTE C.V.,2021-05,295459.0,TEZONCO,2020-06
941,92,ROBO A TRANSEUNTE C.V.,2021-05,128951.0,TICOMAN,2020-06
942,146,ROBO A TRANSEUNTE C.V.,2021-05,124003.0,TLACOTAL,2020-06
943,96,ROBO A TRANSEUNTE C.V.,2021-05,96337.0,TLATELOLCO,2020-06
944,92,ROBO A TRANSEUNTE C.V.,2021-05,130167.0,UNIVERSIDAD,2020-06
945,136,ROBO A TRANSEUNTE C.V.,2021-05,158714.0,XOTEPINGO,2020-06
946,122,ROBO A TRANSEUNTE C.V.,2021-05,185225.0,ZAPOTITLA,2020-06
947,45,ROBO A TRANSEUNTE C.V.,2021-05,34276.0,ZARAGOZA,2020-06
948,32,ROBO A TRANSEUNTE S.V.,2021-05,171082.0,ABASTO-REFORMA,2020-06
949,24,ROBO A TRANSEUNTE S.V.,2021-05,190052.0,ALPES,2020-06
950,33,ROBO A TRANSEUNTE S.V.,2021-05,25606.0,ANGEL-ZONA ROSA,2020-06
951,10,ROBO A TRANSEUNTE S.V.,2021-05,147265.0,ARAGON,2020-06
952,22,ROBO A TRANSEUNTE S.V.,2021-05,76922.0,ARENAL,2020-06
953,47,ROBO A TRANSEUNTE S.V.,2021-05,126770.0,ASTURIAS,2020-06
954,35,ROBO A TRANSEUNTE S.V.,2021-05,94564.0,BUENAVISTA,2020-06
955,6,ROBO A TRANSEUNTE S.V.,2021-05,44719.0,CHAPULTEPEC,2020-06
956,7,ROBO A TRANSEUNTE S.V.,2021-05,117997.0,CHURUBUSCO,2020-06
957,23,ROBO A TRANSEUNTE S.V.,2021-05,144779.0,CLAVERIA,2020-06
958,18,ROBO A TRANSEUNTE S.V.,2021-05,93641.0,COAPA,2020-06
959,52,ROBO A TRANSEUNTE S.V.,2021-05,33787.0,CONGRESO,2020-06
960,13,ROBO A TRANSEUNTE S.V.,2021-05,67697.0,CONSULADO,2020-06
961,52,ROBO A TRANSEUNTE S.V.,2021-05,18851.0,CORREDOR-CENTRO,2020-06
962,21,ROBO A TRANSEUNTE S.V.,2021-05,65669.0,COYOACAN,2020-06
963,7,ROBO A TRANSEUNTE S.V.,2021-05,101270.0,CUAJIMALPA,2020-06
964,8,ROBO A TRANSEUNTE S.V.,2021-05,280497.0,CUAUTEPEC,2020-06
965,9,ROBO A TRANSEUNTE S.V.,2021-05,93702.0,CUCHILLA,2020-06
966,5,ROBO A TRANSEUNTE S.V.,2021-05,70802.0,CUITLAHUAC,2020-06
967,19,ROBO A TRANSEUNTE S.V.,2021-05,150082.0,CULHUACAN,2020-06
968,27,ROBO A TRANSEUNTE S.V.,2021-05,83772.0,DEL VALLE,2020-06
969,3,ROBO A TRANSEUNTE S.V.,2021-05,94133.0,DINAMO,2020-06
970,4,ROBO A TRANSEUNTE S.V.,2021-05,80579.0,EL YAQUI,2020-06
971,12,ROBO A TRANSEUNTE S.V.,2021-05,177825.0,ESTRELLA,2020-06
972,4,ROBO A TRANSEUNTE S.V.,2021-05,187026.0,FUENTE,2020-06
973,9,ROBO A TRANSEUNTE S.V.,2021-05,95686.0,GRANJAS,2020-06
974,13,ROBO A TRANSEUNTE S.V.,2021-05,136444.0,HORMIGA,2020-06
975,21,ROBO A TRANSEUNTE S.V.,2021-05,174817.0,HUIPULCO-HOSPITALES,2020-06
976,15,ROBO A TRANSEUNTE S.V.,2021-05,110025.0,IZTACCIHUATL,2020-06
977,15,ROBO A TRANSEUNTE S.V.,2021-05,166805.0,LA NORIA,2020-06
978,3,ROBO A TRANSEUNTE S.V.,2021-05,62180.0,LA RAZA,2020-06
979,35,ROBO A TRANSEUNTE S.V.,2021-05,92638.0,LINDAVISTA,2020-06
980,31,ROBO A TRANSEUNTE S.V.,2021-05,96937.0,MERCED-BALBUENA,2020-06
981,5,ROBO A TRANSEUNTE S.V.,2021-05,64875.0,MILPA ALTA,2020-06
982,68,ROBO A TRANSEUNTE S.V.,2021-05,29350.0,MIXCALCO-HERALDO,2020-06
983,17,ROBO A TRANSEUNTE S.V.,2021-05,160243.0,MIXQUIC,2020-06
984,22,ROBO A TRANSEUNTE S.V.,2021-05,121359.0,MOCTEZUMA,2020-06
985,15,ROBO A TRANSEUNTE S.V.,2021-05,35662.0,MORELOS,2020-06
986,25,ROBO A TRANSEUNTE S.V.,2021-05,67270.0,NAPOLES,2020-06
987,37,ROBO A TRANSEUNTE S.V.,2021-05,113877.0,NARVARTE-ALAMOS,2020-06
988,12,ROBO A TRANSEUNTE S.V.,2021-05,42255.0,NATIVITAS,2020-06
989,53,ROBO A TRANSEUNTE S.V.,2021-05,,NO ESPECIFICADO,2020-06
990,27,ROBO A TRANSEUNTE S.V.,2021-05,218084.0,OASIS,2020-06
991,15,ROBO A TRANSEUNTE S.V.,2021-05,177697.0,PADIERNA,2020-06
992,18,ROBO A TRANSEUNTE S.V.,2021-05,150298.0,PANTITLAN,2020-06
993,49,ROBO A TRANSEUNTE S.V.,2021-05,263257.0,PLATEROS,2020-06
994,15,ROBO A TRANSEUNTE S.V.,2021-05,37779.0,POLANCO-CASTILLO,2020-06
995,36,ROBO A TRANSEUNTE S.V.,2021-05,78265.0,PORTALES,2020-06
996,17,ROBO A TRANSEUNTE S.V.,2021-05,207608.0,PRADERA,2020-06
997,16,ROBO A TRANSEUNTE S.V.,2021-05,278219.0,QUETZAL,2020-06
998,19,ROBO A TRANSEUNTE S.V.,2021-05,151888.0,QUIROGA,2020-06
999,74,ROBO A TRANSEUNTE S.V.,2021-05,34257.0,REVOLUCION-ALAMEDA,2020-06
1000,46,ROBO A TRANSEUNTE S.V.,2021-05,70434.0,ROMA,2020-06
1001,12,ROBO A TRANSEUNTE S.V.,2021-05,47620.0,SAN ANGEL,2020-06
1002,6,ROBO A TRANSEUNTE S.V.,2021-05,140415.0,SAN JERONIMO,2020-06
1003,17,ROBO A TRANSEUNTE S.V.,2021-05,193642.0,SANTA CRUZ,2020-06
1004,14,ROBO A TRANSEUNTE S.V.,2021-05,227160.0,SANTA FE,2020-06
1005,26,ROBO A TRANSEUNTE S.V.,2021-05,61100.0,SOTELO,2020-06
1006,49,ROBO A TRANSEUNTE S.V.,2021-05,155668.0,TACUBA,2020-06
1007,35,ROBO A TRANSEUNTE S.V.,2021-05,73623.0,TACUBAYA,2020-06
1008,16,ROBO A TRANSEUNTE S.V.,2021-05,115941.0,TAXQUEÑA,2020-06
1009,2,ROBO A TRANSEUNTE S.V.,2021-05,43804.0,TECOMITL,2020-06
1010,22,ROBO A TRANSEUNTE S.V.,2021-05,270493.0,TEOTONGO,2020-06
1011,43,ROBO A TRANSEUNTE S.V.,2021-05,256237.0,TEPEPAN,2020-06
1012,20,ROBO A TRANSEUNTE S.V.,2021-05,69778.0,TEPEYAC,2020-06
1013,29,ROBO A TRANSEUNTE S.V.,2021-05,295459.0,TEZONCO,2020-06
1014,9,ROBO A TRANSEUNTE S.V.,2021-05,128951.0,TICOMAN,2020-06
1015,25,ROBO A TRANSEUNTE S.V.,2021-05,124003.0,TLACOTAL,2020-06
1016,22,ROBO A TRANSEUNTE S.V.,2021-05,96337.0,TLATELOLCO,2020-06
1017,19,ROBO A TRANSEUNTE S.V.,2021-05,130167.0,UNIVERSIDAD,2020-06
1018,42,ROBO A TRANSEUNTE S.V.,2021-05,158714.0,XOTEPINGO,2020-06
1019,22,ROBO A TRANSEUNTE S.V.,2021-05,185225.0,ZAPOTITLA,2020-06
1020,13,ROBO A TRANSEUNTE S.V.,2021-05,34276.0,ZARAGOZA,2020-06
1021,8,ROBO A TRANSPORTISTA C.V.,2021-05,171082.0,ABASTO-REFORMA,2020-06
1022,0,ROBO A TRANSPORTISTA C.V.,2021-05,190052.0,ALPES,2020-06
1023,0,ROBO A TRANSPORTISTA C.V.,2021-05,25606.0,ANGEL-ZONA ROSA,2020-06
1024,8,ROBO A TRANSPORTISTA C.V.,2021-05,147265.0,ARAGON,2020-06
1025,1,ROBO A TRANSPORTISTA C.V.,2021-05,76922.0,ARENAL,2020-06
1026,2,ROBO A TRANSPORTISTA C.V.,2021-05,126770.0,ASTURIAS,2020-06
1027,0,ROBO A TRANSPORTISTA C.V.,2021-05,94564.0,BUENAVISTA,2020-06
1028,0,ROBO A TRANSPORTISTA C.V.,2021-05,44719.0,CHAPULTEPEC,2020-06
1029,0,ROBO A TRANSPORTISTA C.V.,2021-05,117997.0,CHURUBUSCO,2020-06
1030,2,ROBO A TRANSPORTISTA C.V.,2021-05,144779.0,CLAVERIA,2020-06
1031,0,ROBO A TRANSPORTISTA C.V.,2021-05,93641.0,COAPA,2020-06
1032,1,ROBO A TRANSPORTISTA C.V.,2021-05,33787.0,CONGRESO,2020-06
1033,1,ROBO A TRANSPORTISTA C.V.,2021-05,67697.0,CONSULADO,2020-06
1034,0,ROBO A TRANSPORTISTA C.V.,2021-05,18851.0,CORREDOR-CENTRO,2020-06
1035,0,ROBO A TRANSPORTISTA C.V.,2021-05,65669.0,COYOACAN,2020-06
1036,0,ROBO A TRANSPORTISTA C.V.,2021-05,101270.0,CUAJIMALPA,2020-06
1037,0,ROBO A TRANSPORTISTA C.V.,2021-05,280497.0,CUAUTEPEC,2020-06
1038,5,ROBO A TRANSPORTISTA C.V.,2021-05,93702.0,CUCHILLA,2020-06
1039,4,ROBO A TRANSPORTISTA C.V.,2021-05,70802.0,CUITLAHUAC,2020-06
1040,0,ROBO A TRANSPORTISTA C.V.,2021-05,150082.0,CULHUACAN,2020-06
1041,0,ROBO A TRANSPORTISTA C.V.,2021-05,83772.0,DEL VALLE,2020-06
1042,0,ROBO A TRANSPORTISTA C.V.,2021-05,94133.0,DINAMO,2020-06
1043,0,ROBO A TRANSPORTISTA C.V.,2021-05,80579.0,EL YAQUI,2020-06
1044,0,ROBO A TRANSPORTISTA C.V.,2021-05,177825.0,ESTRELLA,2020-06
1045,0,ROBO A TRANSPORTISTA C.V.,2021-05,187026.0,FUENTE,2020-06
1046,2,ROBO A TRANSPORTISTA C.V.,2021-05,95686.0,GRANJAS,2020-06
1047,2,ROBO A TRANSPORTISTA C.V.,2021-05,136444.0,HORMIGA,2020-06
1048,1,ROBO A TRANSPORTISTA C.V.,2021-05,174817.0,HUIPULCO-HOSPITALES,2020-06
1049,0,ROBO A TRANSPORTISTA C.V.,2021-05,110025.0,IZTACCIHUATL,2020-06
1050,0,ROBO A TRANSPORTISTA C.V.,2021-05,166805.0,LA NORIA,2020-06
1051,11,ROBO A TRANSPORTISTA C.V.,2021-05,62180.0,LA RAZA,2020-06
1052,1,ROBO A TRANSPORTISTA C.V.,2021-05,92638.0,LINDAVISTA,2020-06
1053,2,ROBO A TRANSPORTISTA C.V.,2021-05,96937.0,MERCED-BALBUENA,2020-06
1054,0,ROBO A TRANSPORTISTA C.V.,2021-05,64875.0,MILPA ALTA,2020-06
1055,0,ROBO A TRANSPORTISTA C.V.,2021-05,29350.0,MIXCALCO-HERALDO,2020-06
1056,0,ROBO A TRANSPORTISTA C.V.,2021-05,160243.0,MIXQUIC,2020-06
1057,7,ROBO A TRANSPORTISTA C.V.,2021-05,121359.0,MOCTEZUMA,2020-06
1058,0,ROBO A TRANSPORTISTA C.V.,2021-05,35662.0,MORELOS,2020-06
1059,0,ROBO A TRANSPORTISTA C.V.,2021-05,67270.0,NAPOLES,2020-06
1060,0,ROBO A TRANSPORTISTA C.V.,2021-05,113877.0,NARVARTE-ALAMOS,2020-06
1061,0,ROBO A TRANSPORTISTA C.V.,2021-05,42255.0,NATIVITAS,2020-06
1062,19,ROBO A TRANSPORTISTA C.V.,2021-05,,NO ESPECIFICADO,2020-06
1063,0,ROBO A TRANSPORTISTA C.V.,2021-05,218084.0,OASIS,2020-06
1064,0,ROBO A TRANSPORTISTA C.V.,2021-05,177697.0,PADIERNA,2020-06
1065,3,ROBO A TRANSPORTISTA C.V.,2021-05,150298.0,PANTITLAN,2020-06
1066,1,ROBO A TRANSPORTISTA C.V.,2021-05,263257.0,PLATEROS,2020-06
1067,0,ROBO A TRANSPORTISTA C.V.,2021-05,37779.0,POLANCO-CASTILLO,2020-06
1068,0,ROBO A TRANSPORTISTA C.V.,2021-05,78265.0,PORTALES,2020-06
1069,0,ROBO A TRANSPORTISTA C.V.,2021-05,207608.0,PRADERA,2020-06
1070,0,ROBO A TRANSPORTISTA C.V.,2021-05,278219.0,QUETZAL,2020-06
1071,0,ROBO A TRANSPORTISTA C.V.,2021-05,151888.0,QUIROGA,2020-06
1072,0,ROBO A TRANSPORTISTA C.V.,2021-05,34257.0,REVOLUCION-ALAMEDA,2020-06
1073,0,ROBO A TRANSPORTISTA C.V.,2021-05,70434.0,ROMA,2020-06
1074,0,ROBO A TRANSPORTISTA C.V.,2021-05,47620.0,SAN ANGEL,2020-06
1075,0,ROBO A TRANSPORTISTA C.V.,2021-05,140415.0,SAN JERONIMO,2020-06
1076,2,ROBO A TRANSPORTISTA C.V.,2021-05,193642.0,SANTA CRUZ,2020-06
1077,0,ROBO A TRANSPORTISTA C.V.,2021-05,227160.0,SANTA FE,2020-06
1078,0,ROBO A TRANSPORTISTA C.V.,2021-05,61100.0,SOTELO,2020-06
1079,1,ROBO A TRANSPORTISTA C.V.,2021-05,155668.0,TACUBA,2020-06
1080,0,ROBO A TRANSPORTISTA C.V.,2021-05,73623.0,TACUBAYA,2020-06
1081,0,ROBO A TRANSPORTISTA C.V.,2021-05,115941.0,TAXQUEÑA,2020-06
1082,0,ROBO A TRANSPORTISTA C.V.,2021-05,43804.0,TECOMITL,2020-06
1083,3,ROBO A TRANSPORTISTA C.V.,2021-05,270493.0,TEOTONGO,2020-06
1084,0,ROBO A TRANSPORTISTA C.V.,2021-05,256237.0,TEPEPAN,2020-06
1085,3,ROBO A TRANSPORTISTA C.V.,2021-05,69778.0,TEPEYAC,2020-06
1086,0,ROBO A TRANSPORTISTA C.V.,2021-05,295459.0,TEZONCO,2020-06
1087,2,ROBO A TRANSPORTISTA C.V.,2021-05,128951.0,TICOMAN,2020-06
1088,2,ROBO A TRANSPORTISTA C.V.,2021-05,124003.0,TLACOTAL,2020-06
1089,1,ROBO A TRANSPORTISTA C.V.,2021-05,96337.0,TLATELOLCO,2020-06
1090,0,ROBO A TRANSPORTISTA C.V.,2021-05,130167.0,UNIVERSIDAD,2020-06
1091,0,ROBO A TRANSPORTISTA C.V.,2021-05,158714.0,XOTEPINGO,2020-06
1092,0,ROBO A TRANSPORTISTA C.V.,2021-05,185225.0,ZAPOTITLA,2020-06
1093,0,ROBO A TRANSPORTISTA C.V.,2021-05,34276.0,ZARAGOZA,2020-06
1094,0,ROBO A TRANSPORTISTA S.V.,2021-05,171082.0,ABASTO-REFORMA,2020-06
1095,0,ROBO A TRANSPORTISTA S.V.,2021-05,190052.0,ALPES,2020-06
1096,0,ROBO A TRANSPORTISTA S.V.,2021-05,25606.0,ANGEL-ZONA ROSA,2020-06
1097,0,ROBO A TRANSPORTISTA S.V.,2021-05,147265.0,ARAGON,2020-06
1098,0,ROBO A TRANSPORTISTA S.V.,2021-05,76922.0,ARENAL,2020-06
1099,0,ROBO A TRANSPORTISTA S.V.,2021-05,126770.0,ASTURIAS,2020-06
1100,0,ROBO A TRANSPORTISTA S.V.,2021-05,94564.0,BUENAVISTA,2020-06
1101,0,ROBO A TRANSPORTISTA S.V.,2021-05,44719.0,CHAPULTEPEC,2020-06
1102,0,ROBO A TRANSPORTISTA S.V.,2021-05,117997.0,CHURUBUSCO,2020-06
1103,0,ROBO A TRANSPORTISTA S.V.,2021-05,144779.0,CLAVERIA,2020-06
1104,0,ROBO A TRANSPORTISTA S.V.,2021-05,93641.0,COAPA,2020-06
1105,0,ROBO A TRANSPORTISTA S.V.,2021-05,33787.0,CONGRESO,2020-06
1106,0,ROBO A TRANSPORTISTA S.V.,2021-05,67697.0,CONSULADO,2020-06
1107,0,ROBO A TRANSPORTISTA S.V.,2021-05,18851.0,CORREDOR-CENTRO,2020-06
1108,0,ROBO A TRANSPORTISTA S.V.,2021-05,65669.0,COYOACAN,2020-06
1109,0,ROBO A TRANSPORTISTA S.V.,2021-05,101270.0,CUAJIMALPA,2020-06
1110,0,ROBO A TRANSPORTISTA S.V.,2021-05,280497.0,CUAUTEPEC,2020-06
1111,0,ROBO A TRANSPORTISTA S.V.,2021-05,93702.0,CUCHILLA,2020-06
1112,1,ROBO A TRANSPORTISTA S.V.,2021-05,70802.0,CUITLAHUAC,2020-06
1113,0,ROBO A TRANSPORTISTA S.V.,2021-05,150082.0,CULHUACAN,2020-06
1114,0,ROBO A TRANSPORTISTA S.V.,2021-05,83772.0,DEL VALLE,2020-06
1115,0,ROBO A TRANSPORTISTA S.V.,2021-05,94133.0,DINAMO,2020-06
1116,0,ROBO A TRANSPORTISTA S.V.,2021-05,80579.0,EL YAQUI,2020-06
1117,0,ROBO A TRANSPORTISTA S.V.,2021-05,177825.0,ESTRELLA,2020-06
1118,0,ROBO A TRANSPORTISTA S.V.,2021-05,187026.0,FUENTE,2020-06
1119,0,ROBO A TRANSPORTISTA S.V.,2021-05,95686.0,GRANJAS,2020-06
1120,0,ROBO A TRANSPORTISTA S.V.,2021-05,136444.0,HORMIGA,2020-06
1121,1,ROBO A TRANSPORTISTA S.V.,2021-05,174817.0,HUIPULCO-HOSPITALES,2020-06
1122,0,ROBO A TRANSPORTISTA S.V.,2021-05,110025.0,IZTACCIHUATL,2020-06
1123,0,ROBO A TRANSPORTISTA S.V.,2021-05,166805.0,LA NORIA,2020-06
1124,1,ROBO A TRANSPORTISTA S.V.,2021-05,62180.0,LA RAZA,2020-06
1125,0,ROBO A TRANSPORTISTA S.V.,2021-05,92638.0,LINDAVISTA,2020-06
1126,0,ROBO A TRANSPORTISTA S.V.,2021-05,96937.0,MERCED-BALBUENA,2020-06
1127,0,ROBO A TRANSPORTISTA S.V.,2021-05,64875.0,MILPA ALTA,2020-06
1128,0,ROBO A TRANSPORTISTA S.V.,2021-05,29350.0,MIXCALCO-HERALDO,2020-06
1129,0,ROBO A TRANSPORTISTA S.V.,2021-05,160243.0,MIXQUIC,2020-06
1130,1,ROBO A TRANSPORTISTA S.V.,2021-05,121359.0,MOCTEZUMA,2020-06
1131,0,ROBO A TRANSPORTISTA S.V.,2021-05,35662.0,MORELOS,2020-06
1132,0,ROBO A TRANSPORTISTA S.V.,2021-05,67270.0,NAPOLES,2020-06
1133,0,ROBO A TRANSPORTISTA S.V.,2021-05,113877.0,NARVARTE-ALAMOS,2020-06
1134,0,ROBO A TRANSPORTISTA S.V.,2021-05,42255.0,NATIVITAS,2020-06
1135,1,ROBO A TRANSPORTISTA S.V.,2021-05,,NO ESPECIFICADO,2020-06
1136,1,ROBO A TRANSPORTISTA S.V.,2021-05,218084.0,OASIS,2020-06
1137,0,ROBO A TRANSPORTISTA S.V.,2021-05,177697.0,PADIERNA,2020-06
1138,0,ROBO A TRANSPORTISTA S.V.,2021-05,150298.0,PANTITLAN,2020-06
1139,0,ROBO A TRANSPORTISTA S.V.,2021-05,263257.0,PLATEROS,2020-06
1140,0,ROBO A TRANSPORTISTA S.V.,2021-05,37779.0,POLANCO-CASTILLO,2020-06
1141,0,ROBO A TRANSPORTISTA S.V.,2021-05,78265.0,PORTALES,2020-06
1142,0,ROBO A TRANSPORTISTA S.V.,2021-05,207608.0,PRADERA,2020-06
1143,0,ROBO A TRANSPORTISTA S.V.,2021-05,278219.0,QUETZAL,2020-06
1144,0,ROBO A TRANSPORTISTA S.V.,2021-05,151888.0,QUIROGA,2020-06
1145,0,ROBO A TRANSPORTISTA S.V.,2021-05,34257.0,REVOLUCION-ALAMEDA,2020-06
1146,0,ROBO A TRANSPORTISTA S.V.,2021-05,70434.0,ROMA,2020-06
1147,0,ROBO A TRANSPORTISTA S.V.,2021-05,47620.0,SAN ANGEL,2020-06
1148,0,ROBO A TRANSPORTISTA S.V.,2021-05,140415.0,SAN JERONIMO,2020-06
1149,0,ROBO A TRANSPORTISTA S.V.,2021-05,193642.0,SANTA CRUZ,2020-06
1150,0,ROBO A TRANSPORTISTA S.V.,2021-05,227160.0,SANTA FE,2020-06
1151,0,ROBO A TRANSPORTISTA S.V.,2021-05,61100.0,SOTELO,2020-06
1152,0,ROBO A TRANSPORTISTA S.V.,2021-05,155668.0,TACUBA,2020-06
1153,0,ROBO A TRANSPORTISTA S.V.,2021-05,73623.0,TACUBAYA,2020-06
1154,0,ROBO A TRANSPORTISTA S.V.,2021-05,115941.0,TAXQUEÑA,2020-06
1155,0,ROBO A TRANSPORTISTA S.V.,2021-05,43804.0,TECOMITL,2020-06
1156,0,ROBO A TRANSPORTISTA S.V.,2021-05,270493.0,TEOTONGO,2020-06
1157,0,ROBO A TRANSPORTISTA S.V.,2021-05,256237.0,TEPEPAN,2020-06
1158,0,ROBO A TRANSPORTISTA S.V.,2021-05,69778.0,TEPEYAC,2020-06
1159,0,ROBO A TRANSPORTISTA S.V.,2021-05,295459.0,TEZONCO,2020-06
1160,0,ROBO A TRANSPORTISTA S.V.,2021-05,128951.0,TICOMAN,2020-06
1161,0,ROBO A TRANSPORTISTA S.V.,2021-05,124003.0,TLACOTAL,2020-06
1162,0,ROBO A TRANSPORTISTA S.V.,2021-05,96337.0,TLATELOLCO,2020-06
1163,0,ROBO A TRANSPORTISTA S.V.,2021-05,130167.0,UNIVERSIDAD,2020-06
1164,0,ROBO A TRANSPORTISTA S.V.,2021-05,158714.0,XOTEPINGO,2020-06
1165,0,ROBO A TRANSPORTISTA S.V.,2021-05,185225.0,ZAPOTITLA,2020-06
1166,0,ROBO A TRANSPORTISTA S.V.,2021-05,34276.0,ZARAGOZA,2020-06
1167,93,ROBO DE VEHICULO AUTOMOTOR C.V.,2021-05,171082.0,ABASTO-REFORMA,2020-06
1168,45,ROBO DE VEHICULO AUTOMOTOR C.V.,2021-05,190052.0,ALPES,2020-06
1169,9,ROBO DE VEHICULO AUTOMOTOR C.V.,2021-05,25606.0,ANGEL-ZONA ROSA,2020-06
1170,64,ROBO DE VEHICULO AUTOMOTOR C.V.,2021-05,147265.0,ARAGON,2020-06
1171,7,ROBO DE VEHICULO AUTOMOTOR C.V.,2021-05,76922.0,ARENAL,2020-06
1172,23,ROBO DE VEHICULO AUTOMOTOR C.V.,2021-05,126770.0,ASTURIAS,2020-06
1173,14,ROBO DE VEHICULO AUTOMOTOR C.V.,2021-05,94564.0,BUENAVISTA,2020-06
1174,6,ROBO DE VEHICULO AUTOMOTOR C.V.,2021-05,44719.0,CHAPULTEPEC,2020-06
1175,85,ROBO DE VEHICULO AUTOMOTOR C.V.,2021-05,117997.0,CHURUBUSCO,2020-06
1176,54,ROBO DE VEHICULO AUTOMOTOR C.V.,2021-05,144779.0,CLAVERIA,2020-06
1177,32,ROBO DE VEHICULO AUTOMOTOR C.V.,2021-05,93641.0,COAPA,2020-06
1178,10,ROBO DE VEHICULO AUTOMOTOR C.V.,2021-05,33787.0,CONGRESO,2020-06
1179,22,ROBO DE VEHICULO AUTOMOTOR C.V.,2021-05,67697.0,CONSULADO,2020-06
1180,8,ROBO DE VEHICULO AUTOMOTOR C.V.,2021-05,18851.0,CORREDOR-CENTRO,2020-06
1181,17,ROBO DE VEHICULO AUTOMOTOR C.V.,2021-05,65669.0,COYOACAN,2020-06
1182,5,ROBO DE VEHICULO AUTOMOTOR C.V.,2021-05,101270.0,CUAJIMALPA,2020-06
1183,93,ROBO DE VEHICULO AUTOMOTOR C.V.,2021-05,280497.0,CUAUTEPEC,2020-06
1184,21,ROBO DE VEHICULO AUTOMOTOR C.V.,2021-05,93702.0,CUCHILLA,2020-06
1185,20,ROBO DE VEHICULO AUTOMOTOR C.V.,2021-05,70802.0,CUITLAHUAC,2020-06
1186,23,ROBO DE VEHICULO AUTOMOTOR C.V.,2021-05,150082.0,CULHUACAN,2020-06
1187,18,ROBO DE VEHICULO AUTOMOTOR C.V.,2021-05,83772.0,DEL VALLE,2020-06
1188,22,ROBO DE VEHICULO AUTOMOTOR C.V.,2021-05,94133.0,DINAMO,2020-06
1189,5,ROBO DE VEHICULO AUTOMOTOR C.V.,2021-05,80579.0,EL YAQUI,2020-06
1190,44,ROBO DE VEHICULO AUTOMOTOR C.V.,2021-05,177825.0,ESTRELLA,2020-06
1191,62,ROBO DE VEHICULO AUTOMOTOR C.V.,2021-05,187026.0,FUENTE,2020-06
1192,30,ROBO DE VEHICULO AUTOMOTOR C.V.,2021-05,95686.0,GRANJAS,2020-06
1193,43,ROBO DE VEHICULO AUTOMOTOR C.V.,2021-05,136444.0,HORMIGA,2020-06
1194,120,ROBO DE VEHICULO AUTOMOTOR C.V.,2021-05,174817.0,HUIPULCO-HOSPITALES,2020-06
1195,54,ROBO DE VEHICULO AUTOMOTOR C.V.,2021-05,110025.0,IZTACCIHUATL,2020-06
1196,54,ROBO DE VEHICULO AUTOMOTOR C.V.,2021-05,166805.0,LA NORIA,2020-06
1197,28,ROBO DE VEHICULO AUTOMOTOR C.V.,2021-05,62180.0,LA RAZA,2020-06
1198,51,ROBO DE VEHICULO AUTOMOTOR C.V.,2021-05,92638.0,LINDAVISTA,2020-06
1199,22,ROBO DE VEHICULO AUTOMOTOR C.V.,2021-05,96937.0,MERCED-BALBUENA,2020-06
1200,26,ROBO DE VEHICULO AUTOMOTOR C.V.,2021-05,64875.0,MILPA ALTA,2020-06
1201,4,ROBO DE VEHICULO AUTOMOTOR C.V.,2021-05,29350.0,MIXCALCO-HERALDO,2020-06
1202,81,ROBO DE VEHICULO AUTOMOTOR C.V.,2021-05,160243.0,MIXQUIC,2020-06
1203,27,ROBO DE VEHICULO AUTOMOTOR C.V.,2021-05,121359.0,MOCTEZUMA,2020-06
1204,6,ROBO DE VEHICULO AUTOMOTOR C.V.,2021-05,35662.0,MORELOS,2020-06
1205,19,ROBO DE VEHICULO AUTOMOTOR C.V.,2021-05,67270.0,NAPOLES,2020-06
1206,36,ROBO DE VEHICULO AUTOMOTOR C.V.,2021-05,113877.0,NARVARTE-ALAMOS,2020-06
1207,13,ROBO DE VEHICULO AUTOMOTOR C.V.,2021-05,42255.0,NATIVITAS,2020-06
1208,166,ROBO DE VEHICULO AUTOMOTOR C.V.,2021-05,,NO ESPECIFICADO,2020-06
1209,61,ROBO DE VEHICULO AUTOMOTOR C.V.,2021-05,218084.0,OASIS,2020-06
1210,70,ROBO DE VEHICULO AUTOMOTOR C.V.,2021-05,177697.0,PADIERNA,2020-06
1211,51,ROBO DE VEHICULO AUTOMOTOR C.V.,2021-05,150298.0,PANTITLAN,2020-06
1212,43,ROBO DE VEHICULO AUTOMOTOR C.V.,2021-05,263257.0,PLATEROS,2020-06
1213,7,ROBO DE VEHICULO AUTOMOTOR C.V.,2021-05,37779.0,POLANCO-CASTILLO,2020-06
1214,20,ROBO DE VEHICULO AUTOMOTOR C.V.,2021-05,78265.0,PORTALES,2020-06
1215,64,ROBO DE VEHICULO AUTOMOTOR C.V.,2021-05,207608.0,PRADERA,2020-06
1216,90,ROBO DE VEHICULO AUTOMOTOR C.V.,2021-05,278219.0,QUETZAL,2020-06
1217,23,ROBO DE VEHICULO AUTOMOTOR C.V.,2021-05,151888.0,QUIROGA,2020-06
1218,5,ROBO DE VEHICULO AUTOMOTOR C.V.,2021-05,34257.0,REVOLUCION-ALAMEDA,2020-06
1219,10,ROBO DE VEHICULO AUTOMOTOR C.V.,2021-05,70434.0,ROMA,2020-06
1220,33,ROBO DE VEHICULO AUTOMOTOR C.V.,2021-05,47620.0,SAN ANGEL,2020-06
1221,22,ROBO DE VEHICULO AUTOMOTOR C.V.,2021-05,140415.0,SAN JERONIMO,2020-06
1222,77,ROBO DE VEHICULO AUTOMOTOR C.V.,2021-05,193642.0,SANTA CRUZ,2020-06
1223,34,ROBO DE VEHICULO AUTOMOTOR C.V.,2021-05,227160.0,SANTA FE,2020-06
1224,12,ROBO DE VEHICULO AUTOMOTOR C.V.,2021-05,61100.0,SOTELO,2020-06
1225,34,ROBO DE VEHICULO AUTOMOTOR C.V.,2021-05,155668.0,TACUBA,2020-06
1226,21,ROBO DE VEHICULO AUTOMOTOR C.V.,2021-05,73623.0,TACUBAYA,2020-06
1227,29,ROBO DE VEHICULO AUTOMOTOR C.V.,2021-05,115941.0,TAXQUEÑA,2020-06
1228,12,ROBO DE VEHICULO AUTOMOTOR C.V.,2021-05,43804.0,TECOMITL,2020-06
1229,124,ROBO DE VEHICULO AUTOMOTOR C.V.,2021-05,270493.0,TEOTONGO,2020-06
1230,88,ROBO DE VEHICULO AUTOMOTOR C.V.,2021-05,256237.0,TEPEPAN,2020-06
1231,26,ROBO DE VEHICULO AUTOMOTOR C.V.,2021-05,69778.0,TEPEYAC,2020-06
1232,71,ROBO DE VEHICULO AUTOMOTOR C.V.,2021-05,295459.0,TEZONCO,2020-06
1233,56,ROBO DE VEHICULO AUTOMOTOR C.V.,2021-05,128951.0,TICOMAN,2020-06
1234,39,ROBO DE VEHICULO AUTOMOTOR C.V.,2021-05,124003.0,TLACOTAL,2020-06
1235,12,ROBO DE VEHICULO AUTOMOTOR C.V.,2021-05,96337.0,TLATELOLCO,2020-06
1236,25,ROBO DE VEHICULO AUTOMOTOR C.V.,2021-05,130167.0,UNIVERSIDAD,2020-06
1237,50,ROBO DE VEHICULO AUTOMOTOR C.V.,2021-05,158714.0,XOTEPINGO,2020-06
1238,42,ROBO DE VEHICULO AUTOMOTOR C.V.,2021-05,185225.0,ZAPOTITLA,2020-06
1239,12,ROBO DE VEHICULO AUTOMOTOR C.V.,2021-05,34276.0,ZARAGOZA,2020-06
1240,202,ROBO DE VEHICULO AUTOMOTOR S.V.,2021-05,171082.0,ABASTO-REFORMA,2020-06
1241,91,ROBO DE VEHICULO AUTOMOTOR S.V.,2021-05,190052.0,ALPES,2020-06
1242,33,ROBO DE VEHICULO AUTOMOTOR S.V.,2021-05,25606.0,ANGEL-ZONA ROSA,2020-06
1243,67,ROBO DE VEHICULO AUTOMOTOR S.V.,2021-05,147265.0,ARAGON,2020-06
1244,44,ROBO DE VEHICULO AUTOMOTOR S.V.,2021-05,76922.0,ARENAL,2020-06
1245,80,ROBO DE VEHICULO AUTOMOTOR S.V.,2021-05,126770.0,ASTURIAS,2020-06
1246,61,ROBO DE VEHICULO AUTOMOTOR S.V.,2021-05,94564.0,BUENAVISTA,2020-06
1247,16,ROBO DE VEHICULO AUTOMOTOR S.V.,2021-05,44719.0,CHAPULTEPEC,2020-06
1248,65,ROBO DE VEHICULO AUTOMOTOR S.V.,2021-05,117997.0,CHURUBUSCO,2020-06
1249,97,ROBO DE VEHICULO AUTOMOTOR S.V.,2021-05,144779.0,CLAVERIA,2020-06
1250,108,ROBO DE VEHICULO AUTOMOTOR S.V.,2021-05,93641.0,COAPA,2020-06
1251,17,ROBO DE VEHICULO AUTOMOTOR S.V.,2021-05,33787.0,CONGRESO,2020-06
1252,34,ROBO DE VEHICULO AUTOMOTOR S.V.,2021-05,67697.0,CONSULADO,2020-06
1253,3,ROBO DE VEHICULO AUTOMOTOR S.V.,2021-05,18851.0,CORREDOR-CENTRO,2020-06
1254,64,ROBO DE VEHICULO AUTOMOTOR S.V.,2021-05,65669.0,COYOACAN,2020-06
1255,41,ROBO DE VEHICULO AUTOMOTOR S.V.,2021-05,101270.0,CUAJIMALPA,2020-06
1256,124,ROBO DE VEHICULO AUTOMOTOR S.V.,2021-05,280497.0,CUAUTEPEC,2020-06
1257,72,ROBO DE VEHICULO AUTOMOTOR S.V.,2021-05,93702.0,CUCHILLA,2020-06
1258,55,ROBO DE VEHICULO AUTOMOTOR S.V.,2021-05,70802.0,CUITLAHUAC,2020-06
1259,93,ROBO DE VEHICULO AUTOMOTOR S.V.,2021-05,150082.0,CULHUACAN,2020-06
1260,63,ROBO DE VEHICULO AUTOMOTOR S.V.,2021-05,83772.0,DEL VALLE,2020-06
1261,48,ROBO DE VEHICULO AUTOMOTOR S.V.,2021-05,94133.0,DINAMO,2020-06
1262,25,ROBO DE VEHICULO AUTOMOTOR S.V.,2021-05,80579.0,EL YAQUI,2020-06
1263,93,ROBO DE VEHICULO AUTOMOTOR S.V.,2021-05,177825.0,ESTRELLA,2020-06
1264,78,ROBO DE VEHICULO AUTOMOTOR S.V.,2021-05,187026.0,FUENTE,2020-06
1265,65,ROBO DE VEHICULO AUTOMOTOR S.V.,2021-05,95686.0,GRANJAS,2020-06
1266,101,ROBO DE VEHICULO AUTOMOTOR S.V.,2021-05,136444.0,HORMIGA,2020-06
1267,103,ROBO DE VEHICULO AUTOMOTOR S.V.,2021-05,174817.0,HUIPULCO-HOSPITALES,2020-06
1268,60,ROBO DE VEHICULO AUTOMOTOR S.V.,2021-05,110025.0,IZTACCIHUATL,2020-06
1269,132,ROBO DE VEHICULO AUTOMOTOR S.V.,2021-05,166805.0,LA NORIA,2020-06
1270,64,ROBO DE VEHICULO AUTOMOTOR S.V.,2021-05,62180.0,LA RAZA,2020-06
1271,89,ROBO DE VEHICULO AUTOMOTOR S.V.,2021-05,92638.0,LINDAVISTA,2020-06
1272,54,ROBO DE VEHICULO AUTOMOTOR S.V.,2021-05,96937.0,MERCED-BALBUENA,2020-06
1273,39,ROBO DE VEHICULO AUTOMOTOR S.V.,2021-05,64875.0,MILPA ALTA,2020-06
1274,8,ROBO DE VEHICULO AUTOMOTOR S.V.,2021-05,29350.0,MIXCALCO-HERALDO,2020-06
1275,118,ROBO DE VEHICULO AUTOMOTOR S.V.,2021-05,160243.0,MIXQUIC,2020-06
1276,101,ROBO DE VEHICULO AUTOMOTOR S.V.,2021-05,121359.0,MOCTEZUMA,2020-06
1277,11,ROBO DE VEHICULO AUTOMOTOR S.V.,2021-05,35662.0,MORELOS,2020-06
1278,88,ROBO DE VEHICULO AUTOMOTOR S.V.,2021-05,67270.0,NAPOLES,2020-06
1279,106,ROBO DE VEHICULO AUTOMOTOR S.V.,2021-05,113877.0,NARVARTE-ALAMOS,2020-06
1280,39,ROBO DE VEHICULO AUTOMOTOR S.V.,2021-05,42255.0,NATIVITAS,2020-06
1281,111,ROBO DE VEHICULO AUTOMOTOR S.V.,2021-05,,NO ESPECIFICADO,2020-06
1282,107,ROBO DE VEHICULO AUTOMOTOR S.V.,2021-05,218084.0,OASIS,2020-06
1283,102,ROBO DE VEHICULO AUTOMOTOR S.V.,2021-05,177697.0,PADIERNA,2020-06
1284,125,ROBO DE VEHICULO AUTOMOTOR S.V.,2021-05,150298.0,PANTITLAN,2020-06
1285,190,ROBO DE VEHICULO AUTOMOTOR S.V.,2021-05,263257.0,PLATEROS,2020-06
1286,22,ROBO DE VEHICULO AUTOMOTOR S.V.,2021-05,37779.0,POLANCO-CASTILLO,2020-06
1287,104,ROBO DE VEHICULO AUTOMOTOR S.V.,2021-05,78265.0,PORTALES,2020-06
1288,80,ROBO DE VEHICULO AUTOMOTOR S.V.,2021-05,207608.0,PRADERA,2020-06
1289,156,ROBO DE VEHICULO AUTOMOTOR S.V.,2021-05,278219.0,QUETZAL,2020-06
1290,74,ROBO DE VEHICULO AUTOMOTOR S.V.,2021-05,151888.0,QUIROGA,2020-06
1291,25,ROBO DE VEHICULO AUTOMOTOR S.V.,2021-05,34257.0,REVOLUCION-ALAMEDA,2020-06
1292,80,ROBO DE VEHICULO AUTOMOTOR S.V.,2021-05,70434.0,ROMA,2020-06
1293,73,ROBO DE VEHICULO AUTOMOTOR S.V.,2021-05,47620.0,SAN ANGEL,2020-06
1294,61,ROBO DE VEHICULO AUTOMOTOR S.V.,2021-05,140415.0,SAN JERONIMO,2020-06
1295,146,ROBO DE VEHICULO AUTOMOTOR S.V.,2021-05,193642.0,SANTA CRUZ,2020-06
1296,114,ROBO DE VEHICULO AUTOMOTOR S.V.,2021-05,227160.0,SANTA FE,2020-06
1297,39,ROBO DE VEHICULO AUTOMOTOR S.V.,2021-05,61100.0,SOTELO,2020-06
1298,128,ROBO DE VEHICULO AUTOMOTOR S.V.,2021-05,155668.0,TACUBA,2020-06
1299,70,ROBO DE VEHICULO AUTOMOTOR S.V.,2021-05,73623.0,TACUBAYA,2020-06
1300,81,ROBO DE VEHICULO AUTOMOTOR S.V.,2021-05,115941.0,TAXQUEÑA,2020-06
1301,25,ROBO DE VEHICULO AUTOMOTOR S.V.,2021-05,43804.0,TECOMITL,2020-06
1302,141,ROBO DE VEHICULO AUTOMOTOR S.V.,2021-05,270493.0,TEOTONGO,2020-06
1303,214,ROBO DE VEHICULO AUTOMOTOR S.V.,2021-05,256237.0,TEPEPAN,2020-06
1304,75,ROBO DE VEHICULO AUTOMOTOR S.V.,2021-05,69778.0,TEPEYAC,2020-06
1305,184,ROBO DE VEHICULO AUTOMOTOR S.V.,2021-05,295459.0,TEZONCO,2020-06
1306,98,ROBO DE VEHICULO AUTOMOTOR S.V.,2021-05,128951.0,TICOMAN,2020-06
1307,82,ROBO DE VEHICULO AUTOMOTOR S.V.,2021-05,124003.0,TLACOTAL,2020-06
1308,56,ROBO DE VEHICULO AUTOMOTOR S.V.,2021-05,96337.0,TLATELOLCO,2020-06
1309,48,ROBO DE VEHICULO AUTOMOTOR S.V.,2021-05,130167.0,UNIVERSIDAD,2020-06
1310,111,ROBO DE VEHICULO AUTOMOTOR S.V.,2021-05,158714.0,XOTEPINGO,2020-06
1311,179,ROBO DE VEHICULO AUTOMOTOR S.V.,2021-05,185225.0,ZAPOTITLA,2020-06
1312,21,ROBO DE VEHICULO AUTOMOTOR S.V.,2021-05,34276.0,ZARAGOZA,2020-06
1313,1,SECUESTRO,2021-05,171082.0,ABASTO-REFORMA,2020-06
1314,0,SECUESTRO,2021-05,190052.0,ALPES,2020-06
1315,0,SECUESTRO,2021-05,25606.0,ANGEL-ZONA ROSA,2020-06
1316,0,SECUESTRO,2021-05,147265.0,ARAGON,2020-06
1317,0,SECUESTRO,2021-05,76922.0,ARENAL,2020-06
1318,0,SECUESTRO,2021-05,126770.0,ASTURIAS,2020-06
1319,0,SECUESTRO,2021-05,94564.0,BUENAVISTA,2020-06
1320,0,SECUESTRO,2021-05,44719.0,CHAPULTEPEC,2020-06
1321,0,SECUESTRO,2021-05,117997.0,CHURUBUSCO,2020-06
1322,0,SECUESTRO,2021-05,144779.0,CLAVERIA,2020-06
1323,0,SECUESTRO,2021-05,93641.0,COAPA,2020-06
1324,0,SECUESTRO,2021-05,33787.0,CONGRESO,2020-06
1325,1,SECUESTRO,2021-05,67697.0,CONSULADO,2020-06
1326,0,SECUESTRO,2021-05,18851.0,CORREDOR-CENTRO,2020-06
1327,0,SECUESTRO,2021-05,65669.0,COYOACAN,2020-06
1328,0,SECUESTRO,2021-05,101270.0,CUAJIMALPA,2020-06
1329,0,SECUESTRO,2021-05,280497.0,CUAUTEPEC,2020-06
1330,0,SECUESTRO,2021-05,93702.0,CUCHILLA,2020-06
1331,0,SECUESTRO,2021-05,70802.0,CUITLAHUAC,2020-06
1332,0,SECUESTRO,2021-05,150082.0,CULHUACAN,2020-06
1333,0,SECUESTRO,2021-05,83772.0,DEL VALLE,2020-06
1334,0,SECUESTRO,2021-05,94133.0,DINAMO,2020-06
1335,0,SECUESTRO,2021-05,80579.0,EL YAQUI,2020-06
1336,0,SECUESTRO,2021-05,177825.0,ESTRELLA,2020-06
1337,1,SECUESTRO,2021-05,187026.0,FUENTE,2020-06
1338,0,SECUESTRO,2021-05,95686.0,GRANJAS,2020-06
1339,0,SECUESTRO,2021-05,136444.0,HORMIGA,2020-06
1340,1,SECUESTRO,2021-05,174817.0,HUIPULCO-HOSPITALES,2020-06
1341,0,SECUESTRO,2021-05,110025.0,IZTACCIHUATL,2020-06
1342,0,SECUESTRO,2021-05,166805.0,LA NORIA,2020-06
1343,2,SECUESTRO,2021-05,62180.0,LA RAZA,2020-06
1344,0,SECUESTRO,2021-05,92638.0,LINDAVISTA,2020-06
1345,0,SECUESTRO,2021-05,96937.0,MERCED-BALBUENA,2020-06
1346,1,SECUESTRO,2021-05,64875.0,MILPA ALTA,2020-06
1347,0,SECUESTRO,2021-05,29350.0,MIXCALCO-HERALDO,2020-06
1348,0,SECUESTRO,2021-05,160243.0,MIXQUIC,2020-06
1349,0,SECUESTRO,2021-05,121359.0,MOCTEZUMA,2020-06
1350,0,SECUESTRO,2021-05,35662.0,MORELOS,2020-06
1351,0,SECUESTRO,2021-05,67270.0,NAPOLES,2020-06
1352,1,SECUESTRO,2021-05,113877.0,NARVARTE-ALAMOS,2020-06
1353,0,SECUESTRO,2021-05,42255.0,NATIVITAS,2020-06
1354,4,SECUESTRO,2021-05,,NO ESPECIFICADO,2020-06
1355,2,SECUESTRO,2021-05,218084.0,OASIS,2020-06
1356,0,SECUESTRO,2021-05,177697.0,PADIERNA,2020-06
1357,1,SECUESTRO,2021-05,150298.0,PANTITLAN,2020-06
1358,0,SECUESTRO,2021-05,263257.0,PLATEROS,2020-06
1359,0,SECUESTRO,2021-05,37779.0,POLANCO-CASTILLO,2020-06
1360,0,SECUESTRO,2021-05,78265.0,PORTALES,2020-06
1361,0,SECUESTRO,2021-05,207608.0,PRADERA,2020-06
1362,0,SECUESTRO,2021-05,278219.0,QUETZAL,2020-06
1363,1,SECUESTRO,2021-05,151888.0,QUIROGA,2020-06
1364,0,SECUESTRO,2021-05,34257.0,REVOLUCION-ALAMEDA,2020-06
1365,0,SECUESTRO,2021-05,70434.0,ROMA,2020-06
1366,0,SECUESTRO,2021-05,47620.0,SAN ANGEL,2020-06
1367,0,SECUESTRO,2021-05,140415.0,SAN JERONIMO,2020-06
1368,0,SECUESTRO,2021-05,193642.0,SANTA CRUZ,2020-06
1369,0,SECUESTRO,2021-05,227160.0,SANTA FE,2020-06
1370,0,SECUESTRO,2021-05,61100.0,SOTELO,2020-06
1371,0,SECUESTRO,2021-05,155668.0,TACUBA,2020-06
1372,0,SECUESTRO,2021-05,73623.0,TACUBAYA,2020-06
1373,0,SECUESTRO,2021-05,115941.0,TAXQUEÑA,2020-06
1374,0,SECUESTRO,2021-05,43804.0,TECOMITL,2020-06
1375,1,SECUESTRO,2021-05,270493.0,TEOTONGO,2020-06
1376,0,SECUESTRO,2021-05,256237.0,TEPEPAN,2020-06
1377,0,SECUESTRO,2021-05,69778.0,TEPEYAC,2020-06
1378,0,SECUESTRO,2021-05,295459.0,TEZONCO,2020-06
1379,0,SECUESTRO,2021-05,128951.0,TICOMAN,2020-06
1380,0,SECUESTRO,2021-05,124003.0,TLACOTAL,2020-06
1381,0,SECUESTRO,2021-05,96337.0,TLATELOLCO,2020-06
1382,0,SECUESTRO,2021-05,130167.0,UNIVERSIDAD,2020-06
1383,0,SECUESTRO,2021-05,158714.0,XOTEPINGO,2020-06
1384,0,SECUESTRO,2021-05,185225.0,ZAPOTITLA,2020-06
1385,0,SECUESTRO,2021-05,34276.0,ZARAGOZA,2020-06
1386,23,VIOLACION,2021-05,171082.0,ABASTO-REFORMA,2020-06
1387,22,VIOLACION,2021-05,190052.0,ALPES,2020-06
1388,12,VIOLACION,2021-05,25606.0,ANGEL-ZONA ROSA,2020-06
1389,16,VIOLACION,2021-05,147265.0,ARAGON,2020-06
1390,6,VIOLACION,2021-05,76922.0,ARENAL,2020-06
1391,23,VIOLACION,2021-05,126770.0,ASTURIAS,2020-06
1392,17,VIOLACION,2021-05,94564.0,BUENAVISTA,2020-06
1393,3,VIOLACION,2021-05,44719.0,CHAPULTEPEC,2020-06
1394,10,VIOLACION,2021-05,117997.0,CHURUBUSCO,2020-06
1395,11,VIOLACION,2021-05,144779.0,CLAVERIA,2020-06
1396,8,VIOLACION,2021-05,93641.0,COAPA,2020-06
1397,8,VIOLACION,2021-05,33787.0,CONGRESO,2020-06
1398,15,VIOLACION,2021-05,67697.0,CONSULADO,2020-06
1399,6,VIOLACION,2021-05,18851.0,CORREDOR-CENTRO,2020-06
1400,2,VIOLACION,2021-05,65669.0,COYOACAN,2020-06
1401,16,VIOLACION,2021-05,101270.0,CUAJIMALPA,2020-06
1402,31,VIOLACION,2021-05,280497.0,CUAUTEPEC,2020-06
1403,9,VIOLACION,2021-05,93702.0,CUCHILLA,2020-06
1404,11,VIOLACION,2021-05,70802.0,CUITLAHUAC,2020-06
1405,12,VIOLACION,2021-05,150082.0,CULHUACAN,2020-06
1406,1,VIOLACION,2021-05,83772.0,DEL VALLE,2020-06
1407,14,VIOLACION,2021-05,94133.0,DINAMO,2020-06
1408,7,VIOLACION,2021-05,80579.0,EL YAQUI,2020-06
1409,23,VIOLACION,2021-05,177825.0,ESTRELLA,2020-06
1410,34,VIOLACION,2021-05,187026.0,FUENTE,2020-06
1411,17,VIOLACION,2021-05,95686.0,GRANJAS,2020-06
1412,14,VIOLACION,2021-05,136444.0,HORMIGA,2020-06
1413,23,VIOLACION,2021-05,174817.0,HUIPULCO-HOSPITALES,2020-06
1414,8,VIOLACION,2021-05,110025.0,IZTACCIHUATL,2020-06
1415,30,VIOLACION,2021-05,166805.0,LA NORIA,2020-06
1416,4,VIOLACION,2021-05,62180.0,LA RAZA,2020-06
1417,8,VIOLACION,2021-05,92638.0,LINDAVISTA,2020-06
1418,22,VIOLACION,2021-05,96937.0,MERCED-BALBUENA,2020-06
1419,17,VIOLACION,2021-05,64875.0,MILPA ALTA,2020-06
1420,10,VIOLACION,2021-05,29350.0,MIXCALCO-HERALDO,2020-06
1421,27,VIOLACION,2021-05,160243.0,MIXQUIC,2020-06
1422,20,VIOLACION,2021-05,121359.0,MOCTEZUMA,2020-06
1423,4,VIOLACION,2021-05,35662.0,MORELOS,2020-06
1424,17,VIOLACION,2021-05,67270.0,NAPOLES,2020-06
1425,18,VIOLACION,2021-05,113877.0,NARVARTE-ALAMOS,2020-06
1426,3,VIOLACION,2021-05,42255.0,NATIVITAS,2020-06
1427,335,VIOLACION,2021-05,,NO ESPECIFICADO,2020-06
1428,18,VIOLACION,2021-05,218084.0,OASIS,2020-06
1429,26,VIOLACION,2021-05,177697.0,PADIERNA,2020-06
1430,14,VIOLACION,2021-05,150298.0,PANTITLAN,2020-06
1431,28,VIOLACION,2021-05,263257.0,PLATEROS,2020-06
1432,3,VIOLACION,2021-05,37779.0,POLANCO-CASTILLO,2020-06
1433,13,VIOLACION,2021-05,78265.0,PORTALES,2020-06
1434,27,VIOLACION,2021-05,207608.0,PRADERA,2020-06
1435,28,VIOLACION,2021-05,278219.0,QUETZAL,2020-06
1436,17,VIOLACION,2021-05,151888.0,QUIROGA,2020-06
1437,19,VIOLACION,2021-05,34257.0,REVOLUCION-ALAMEDA,2020-06
1438,17,VIOLACION,2021-05,70434.0,ROMA,2020-06
1439,7,VIOLACION,2021-05,47620.0,SAN ANGEL,2020-06
1440,29,VIOLACION,2021-05,140415.0,SAN JERONIMO,2020-06
1441,15,VIOLACION,2021-05,193642.0,SANTA CRUZ,2020-06
1442,25,VIOLACION,2021-05,227160.0,SANTA FE,2020-06
1443,9,VIOLACION,2021-05,61100.0,SOTELO,2020-06
1444,20,VIOLACION,2021-05,155668.0,TACUBA,2020-06
1445,13,VIOLACION,2021-05,73623.0,TACUBAYA,2020-06
1446,11,VIOLACION,2021-05,115941.0,TAXQUEÑA,2020-06
1447,3,VIOLACION,2021-05,43804.0,TECOMITL,2020-06
1448,37,VIOLACION,2021-05,270493.0,TEOTONGO,2020-06
1449,48,VIOLACION,2021-05,256237.0,TEPEPAN,2020-06
1450,10,VIOLACION,2021-05,69778.0,TEPEYAC,2020-06
1451,35,VIOLACION,2021-05,295459.0,TEZONCO,2020-06
1452,16,VIOLACION,2021-05,128951.0,TICOMAN,2020-06
1453,19,VIOLACION,2021-05,124003.0,TLACOTAL,2020-06
1454,15,VIOLACION,2021-05,96337.0,TLATELOLCO,2020-06
1455,17,VIOLACION,2021-05,130167.0,UNIVERSIDAD,2020-06
1456,17,VIOLACION,2021-05,158714.0,XOTEPINGO,2020-06
1457,22,VIOLACION,2021-05,185225.0,ZAPOTITLA,2020-06
1458,4,VIOLACION,2021-05,34276.0,ZARAGOZA,2020-06
