,count,crime,date,population
0,145,HOMICIDIO DOLOSO,2019-01,8785911
1,121,HOMICIDIO DOLOSO,2019-02,8785911
2,163,HOMICIDIO DOLOSO,2019-03,8785911
3,126,HOMICIDIO DOLOSO,2019-04,8785911
4,170,HOMICIDIO DOLOSO,2019-05,8785911
5,131,HOMICIDIO DOLOSO,2019-06,8785911
6,118,HOMICIDIO DOLOSO,2019-07,8785911
7,100,HOMICIDIO DOLOSO,2019-08,8785911
8,107,HOMICIDIO DOLOSO,2019-09,8785911
9,105,HOMICIDIO DOLOSO,2019-10,8785911
10,115,HOMICIDIO DOLOSO,2019-11,8785911
11,115,HOMICIDIO DOLOSO,2019-12,8785911
12,110,HOMICIDIO DOLOSO,2020-01,8785911
13,115,HOMICIDIO DOLOSO,2020-02,8785911
14,124,HOMICIDIO DOLOSO,2020-03,8785911
15,124,HOMICIDIO DOLOSO,2020-04,8785911
16,107,HOMICIDIO DOLOSO,2020-05,8785911
17,106,HOMICIDIO DOLOSO,2020-06,8785911
18,99,HOMICIDIO DOLOSO,2020-07,8785911
19,81,HOMICIDIO DOLOSO,2020-08,8785911
20,84,HOMICIDIO DOLOSO,2020-09,8785911
21,107,HOMICIDIO DOLOSO,2020-10,8785911
22,93,HOMICIDIO DOLOSO,2020-11,8785911
23,100,HOMICIDIO DOLOSO,2020-12,8785911
24,86,HOMICIDIO DOLOSO,2021-01,8785911
25,86,HOMICIDIO DOLOSO,2021-02,8785911
26,101,HOMICIDIO DOLOSO,2021-03,8785911
27,84,HOMICIDIO DOLOSO,2021-04,8785911
28,106,HOMICIDIO DOLOSO,2021-05,8785911
29,154,LESIONES POR ARMA DE FUEGO,2019-01,8785911
30,144,LESIONES POR ARMA DE FUEGO,2019-02,8785911
31,155,LESIONES POR ARMA DE FUEGO,2019-03,8785911
32,161,LESIONES POR ARMA DE FUEGO,2019-04,8785911
33,150,LESIONES POR ARMA DE FUEGO,2019-05,8785911
34,118,LESIONES POR ARMA DE FUEGO,2019-06,8785911
35,115,LESIONES POR ARMA DE FUEGO,2019-07,8785911
36,115,LESIONES POR ARMA DE FUEGO,2019-08,8785911
37,133,LESIONES POR ARMA DE FUEGO,2019-09,8785911
38,127,LESIONES POR ARMA DE FUEGO,2019-10,8785911
39,126,LESIONES POR ARMA DE FUEGO,2019-11,8785911
40,106,LESIONES POR ARMA DE FUEGO,2019-12,8785911
41,85,LESIONES POR ARMA DE FUEGO,2020-01,8785911
42,70,LESIONES POR ARMA DE FUEGO,2020-02,8785911
43,107,LESIONES POR ARMA DE FUEGO,2020-03,8785911
44,90,LESIONES POR ARMA DE FUEGO,2020-04,8785911
45,94,LESIONES POR ARMA DE FUEGO,2020-05,8785911
46,82,LESIONES POR ARMA DE FUEGO,2020-06,8785911
47,91,LESIONES POR ARMA DE FUEGO,2020-07,8785911
48,95,LESIONES POR ARMA DE FUEGO,2020-08,8785911
49,79,LESIONES POR ARMA DE FUEGO,2020-09,8785911
50,83,LESIONES POR ARMA DE FUEGO,2020-10,8785911
51,66,LESIONES POR ARMA DE FUEGO,2020-11,8785911
52,88,LESIONES POR ARMA DE FUEGO,2020-12,8785911
53,71,LESIONES POR ARMA DE FUEGO,2021-01,8785911
54,71,LESIONES POR ARMA DE FUEGO,2021-02,8785911
55,75,LESIONES POR ARMA DE FUEGO,2021-03,8785911
56,91,LESIONES POR ARMA DE FUEGO,2021-04,8785911
57,91,LESIONES POR ARMA DE FUEGO,2021-05,8785911
58,33,ROBO A BORDO DE METRO C.V.,2019-01,8785911
59,42,ROBO A BORDO DE METRO C.V.,2019-02,8785911
60,40,ROBO A BORDO DE METRO C.V.,2019-03,8785911
61,35,ROBO A BORDO DE METRO C.V.,2019-04,8785911
62,41,ROBO A BORDO DE METRO C.V.,2019-05,8785911
63,32,ROBO A BORDO DE METRO C.V.,2019-06,8785911
64,34,ROBO A BORDO DE METRO C.V.,2019-07,8785911
65,23,ROBO A BORDO DE METRO C.V.,2019-08,8785911
66,32,ROBO A BORDO DE METRO C.V.,2019-09,8785911
67,24,ROBO A BORDO DE METRO C.V.,2019-10,8785911
68,23,ROBO A BORDO DE METRO C.V.,2019-11,8785911
69,22,ROBO A BORDO DE METRO C.V.,2019-12,8785911
70,23,ROBO A BORDO DE METRO C.V.,2020-01,8785911
71,14,ROBO A BORDO DE METRO C.V.,2020-02,8785911
72,15,ROBO A BORDO DE METRO C.V.,2020-03,8785911
73,2,ROBO A BORDO DE METRO C.V.,2020-04,8785911
74,2,ROBO A BORDO DE METRO C.V.,2020-05,8785911
75,5,ROBO A BORDO DE METRO C.V.,2020-06,8785911
76,5,ROBO A BORDO DE METRO C.V.,2020-07,8785911
77,10,ROBO A BORDO DE METRO C.V.,2020-08,8785911
78,8,ROBO A BORDO DE METRO C.V.,2020-09,8785911
79,6,ROBO A BORDO DE METRO C.V.,2020-10,8785911
80,9,ROBO A BORDO DE METRO C.V.,2020-11,8785911
81,10,ROBO A BORDO DE METRO C.V.,2020-12,8785911
82,3,ROBO A BORDO DE METRO C.V.,2021-01,8785911
83,5,ROBO A BORDO DE METRO C.V.,2021-02,8785911
84,4,ROBO A BORDO DE METRO C.V.,2021-03,8785911
85,0,ROBO A BORDO DE METRO C.V.,2021-04,8785911
86,2,ROBO A BORDO DE METRO C.V.,2021-05,8785911
87,295,ROBO A BORDO DE METRO S.V.,2019-01,8785911
88,334,ROBO A BORDO DE METRO S.V.,2019-02,8785911
89,299,ROBO A BORDO DE METRO S.V.,2019-03,8785911
90,277,ROBO A BORDO DE METRO S.V.,2019-04,8785911
91,269,ROBO A BORDO DE METRO S.V.,2019-05,8785911
92,195,ROBO A BORDO DE METRO S.V.,2019-06,8785911
93,154,ROBO A BORDO DE METRO S.V.,2019-07,8785911
94,119,ROBO A BORDO DE METRO S.V.,2019-08,8785911
95,114,ROBO A BORDO DE METRO S.V.,2019-09,8785911
96,127,ROBO A BORDO DE METRO S.V.,2019-10,8785911
97,104,ROBO A BORDO DE METRO S.V.,2019-11,8785911
98,102,ROBO A BORDO DE METRO S.V.,2019-12,8785911
99,99,ROBO A BORDO DE METRO S.V.,2020-01,8785911
100,121,ROBO A BORDO DE METRO S.V.,2020-02,8785911
101,84,ROBO A BORDO DE METRO S.V.,2020-03,8785911
102,14,ROBO A BORDO DE METRO S.V.,2020-04,8785911
103,17,ROBO A BORDO DE METRO S.V.,2020-05,8785911
104,26,ROBO A BORDO DE METRO S.V.,2020-06,8785911
105,41,ROBO A BORDO DE METRO S.V.,2020-07,8785911
106,49,ROBO A BORDO DE METRO S.V.,2020-08,8785911
107,44,ROBO A BORDO DE METRO S.V.,2020-09,8785911
108,54,ROBO A BORDO DE METRO S.V.,2020-10,8785911
109,65,ROBO A BORDO DE METRO S.V.,2020-11,8785911
110,44,ROBO A BORDO DE METRO S.V.,2020-12,8785911
111,39,ROBO A BORDO DE METRO S.V.,2021-01,8785911
112,49,ROBO A BORDO DE METRO S.V.,2021-02,8785911
113,77,ROBO A BORDO DE METRO S.V.,2021-03,8785911
114,59,ROBO A BORDO DE METRO S.V.,2021-04,8785911
115,58,ROBO A BORDO DE METRO S.V.,2021-05,8785911
116,135,ROBO A BORDO DE MICROBUS C.V.,2019-01,8785911
117,111,ROBO A BORDO DE MICROBUS C.V.,2019-02,8785911
118,86,ROBO A BORDO DE MICROBUS C.V.,2019-03,8785911
119,78,ROBO A BORDO DE MICROBUS C.V.,2019-04,8785911
120,98,ROBO A BORDO DE MICROBUS C.V.,2019-05,8785911
121,96,ROBO A BORDO DE MICROBUS C.V.,2019-06,8785911
122,63,ROBO A BORDO DE MICROBUS C.V.,2019-07,8785911
123,75,ROBO A BORDO DE MICROBUS C.V.,2019-08,8785911
124,78,ROBO A BORDO DE MICROBUS C.V.,2019-09,8785911
125,69,ROBO A BORDO DE MICROBUS C.V.,2019-10,8785911
126,54,ROBO A BORDO DE MICROBUS C.V.,2019-11,8785911
127,55,ROBO A BORDO DE MICROBUS C.V.,2019-12,8785911
128,77,ROBO A BORDO DE MICROBUS C.V.,2020-01,8785911
129,64,ROBO A BORDO DE MICROBUS C.V.,2020-02,8785911
130,48,ROBO A BORDO DE MICROBUS C.V.,2020-03,8785911
131,21,ROBO A BORDO DE MICROBUS C.V.,2020-04,8785911
132,24,ROBO A BORDO DE MICROBUS C.V.,2020-05,8785911
133,22,ROBO A BORDO DE MICROBUS C.V.,2020-06,8785911
134,35,ROBO A BORDO DE MICROBUS C.V.,2020-07,8785911
135,32,ROBO A BORDO DE MICROBUS C.V.,2020-08,8785911
136,18,ROBO A BORDO DE MICROBUS C.V.,2020-09,8785911
137,23,ROBO A BORDO DE MICROBUS C.V.,2020-10,8785911
138,31,ROBO A BORDO DE MICROBUS C.V.,2020-11,8785911
139,22,ROBO A BORDO DE MICROBUS C.V.,2020-12,8785911
140,29,ROBO A BORDO DE MICROBUS C.V.,2021-01,8785911
141,25,ROBO A BORDO DE MICROBUS C.V.,2021-02,8785911
142,23,ROBO A BORDO DE MICROBUS C.V.,2021-03,8785911
143,26,ROBO A BORDO DE MICROBUS C.V.,2021-04,8785911
144,24,ROBO A BORDO DE MICROBUS C.V.,2021-05,8785911
145,15,ROBO A BORDO DE MICROBUS S.V.,2019-01,8785911
146,12,ROBO A BORDO DE MICROBUS S.V.,2019-02,8785911
147,9,ROBO A BORDO DE MICROBUS S.V.,2019-03,8785911
148,10,ROBO A BORDO DE MICROBUS S.V.,2019-04,8785911
149,11,ROBO A BORDO DE MICROBUS S.V.,2019-05,8785911
150,9,ROBO A BORDO DE MICROBUS S.V.,2019-06,8785911
151,8,ROBO A BORDO DE MICROBUS S.V.,2019-07,8785911
152,7,ROBO A BORDO DE MICROBUS S.V.,2019-08,8785911
153,4,ROBO A BORDO DE MICROBUS S.V.,2019-09,8785911
154,8,ROBO A BORDO DE MICROBUS S.V.,2019-10,8785911
155,13,ROBO A BORDO DE MICROBUS S.V.,2019-11,8785911
156,8,ROBO A BORDO DE MICROBUS S.V.,2019-12,8785911
157,17,ROBO A BORDO DE MICROBUS S.V.,2020-01,8785911
158,8,ROBO A BORDO DE MICROBUS S.V.,2020-02,8785911
159,12,ROBO A BORDO DE MICROBUS S.V.,2020-03,8785911
160,1,ROBO A BORDO DE MICROBUS S.V.,2020-04,8785911
161,2,ROBO A BORDO DE MICROBUS S.V.,2020-05,8785911
162,4,ROBO A BORDO DE MICROBUS S.V.,2020-06,8785911
163,5,ROBO A BORDO DE MICROBUS S.V.,2020-07,8785911
164,6,ROBO A BORDO DE MICROBUS S.V.,2020-08,8785911
165,6,ROBO A BORDO DE MICROBUS S.V.,2020-09,8785911
166,4,ROBO A BORDO DE MICROBUS S.V.,2020-10,8785911
167,9,ROBO A BORDO DE MICROBUS S.V.,2020-11,8785911
168,9,ROBO A BORDO DE MICROBUS S.V.,2020-12,8785911
169,11,ROBO A BORDO DE MICROBUS S.V.,2021-01,8785911
170,2,ROBO A BORDO DE MICROBUS S.V.,2021-02,8785911
171,6,ROBO A BORDO DE MICROBUS S.V.,2021-03,8785911
172,4,ROBO A BORDO DE MICROBUS S.V.,2021-04,8785911
173,9,ROBO A BORDO DE MICROBUS S.V.,2021-05,8785911
174,37,ROBO A BORDO DE TAXI C.V.,2019-01,8785911
175,48,ROBO A BORDO DE TAXI C.V.,2019-02,8785911
176,37,ROBO A BORDO DE TAXI C.V.,2019-03,8785911
177,24,ROBO A BORDO DE TAXI C.V.,2019-04,8785911
178,33,ROBO A BORDO DE TAXI C.V.,2019-05,8785911
179,26,ROBO A BORDO DE TAXI C.V.,2019-06,8785911
180,31,ROBO A BORDO DE TAXI C.V.,2019-07,8785911
181,34,ROBO A BORDO DE TAXI C.V.,2019-08,8785911
182,29,ROBO A BORDO DE TAXI C.V.,2019-09,8785911
183,36,ROBO A BORDO DE TAXI C.V.,2019-10,8785911
184,37,ROBO A BORDO DE TAXI C.V.,2019-11,8785911
185,25,ROBO A BORDO DE TAXI C.V.,2019-12,8785911
186,25,ROBO A BORDO DE TAXI C.V.,2020-01,8785911
187,18,ROBO A BORDO DE TAXI C.V.,2020-02,8785911
188,16,ROBO A BORDO DE TAXI C.V.,2020-03,8785911
189,4,ROBO A BORDO DE TAXI C.V.,2020-04,8785911
190,6,ROBO A BORDO DE TAXI C.V.,2020-05,8785911
191,8,ROBO A BORDO DE TAXI C.V.,2020-06,8785911
192,4,ROBO A BORDO DE TAXI C.V.,2020-07,8785911
193,13,ROBO A BORDO DE TAXI C.V.,2020-08,8785911
194,9,ROBO A BORDO DE TAXI C.V.,2020-09,8785911
195,16,ROBO A BORDO DE TAXI C.V.,2020-10,8785911
196,19,ROBO A BORDO DE TAXI C.V.,2020-11,8785911
197,14,ROBO A BORDO DE TAXI C.V.,2020-12,8785911
198,16,ROBO A BORDO DE TAXI C.V.,2021-01,8785911
199,20,ROBO A BORDO DE TAXI C.V.,2021-02,8785911
200,15,ROBO A BORDO DE TAXI C.V.,2021-03,8785911
201,29,ROBO A BORDO DE TAXI C.V.,2021-04,8785911
202,21,ROBO A BORDO DE TAXI C.V.,2021-05,8785911
203,60,ROBO A CASA HABITACION C.V.,2019-01,8785911
204,79,ROBO A CASA HABITACION C.V.,2019-02,8785911
205,66,ROBO A CASA HABITACION C.V.,2019-03,8785911
206,63,ROBO A CASA HABITACION C.V.,2019-04,8785911
207,65,ROBO A CASA HABITACION C.V.,2019-05,8785911
208,58,ROBO A CASA HABITACION C.V.,2019-06,8785911
209,71,ROBO A CASA HABITACION C.V.,2019-07,8785911
210,62,ROBO A CASA HABITACION C.V.,2019-08,8785911
211,61,ROBO A CASA HABITACION C.V.,2019-09,8785911
212,62,ROBO A CASA HABITACION C.V.,2019-10,8785911
213,59,ROBO A CASA HABITACION C.V.,2019-11,8785911
214,48,ROBO A CASA HABITACION C.V.,2019-12,8785911
215,66,ROBO A CASA HABITACION C.V.,2020-01,8785911
216,49,ROBO A CASA HABITACION C.V.,2020-02,8785911
217,53,ROBO A CASA HABITACION C.V.,2020-03,8785911
218,45,ROBO A CASA HABITACION C.V.,2020-04,8785911
219,39,ROBO A CASA HABITACION C.V.,2020-05,8785911
220,50,ROBO A CASA HABITACION C.V.,2020-06,8785911
221,49,ROBO A CASA HABITACION C.V.,2020-07,8785911
222,61,ROBO A CASA HABITACION C.V.,2020-08,8785911
223,54,ROBO A CASA HABITACION C.V.,2020-09,8785911
224,47,ROBO A CASA HABITACION C.V.,2020-10,8785911
225,57,ROBO A CASA HABITACION C.V.,2020-11,8785911
226,61,ROBO A CASA HABITACION C.V.,2020-12,8785911
227,60,ROBO A CASA HABITACION C.V.,2021-01,8785911
228,55,ROBO A CASA HABITACION C.V.,2021-02,8785911
229,45,ROBO A CASA HABITACION C.V.,2021-03,8785911
230,34,ROBO A CASA HABITACION C.V.,2021-04,8785911
231,26,ROBO A CASA HABITACION C.V.,2021-05,8785911
232,49,ROBO A CUENTAHABIENTE C.V.,2019-01,8785911
233,51,ROBO A CUENTAHABIENTE C.V.,2019-02,8785911
234,58,ROBO A CUENTAHABIENTE C.V.,2019-03,8785911
235,51,ROBO A CUENTAHABIENTE C.V.,2019-04,8785911
236,63,ROBO A CUENTAHABIENTE C.V.,2019-05,8785911
237,55,ROBO A CUENTAHABIENTE C.V.,2019-06,8785911
238,66,ROBO A CUENTAHABIENTE C.V.,2019-07,8785911
239,65,ROBO A CUENTAHABIENTE C.V.,2019-08,8785911
240,50,ROBO A CUENTAHABIENTE C.V.,2019-09,8785911
241,53,ROBO A CUENTAHABIENTE C.V.,2019-10,8785911
242,35,ROBO A CUENTAHABIENTE C.V.,2019-11,8785911
243,56,ROBO A CUENTAHABIENTE C.V.,2019-12,8785911
244,47,ROBO A CUENTAHABIENTE C.V.,2020-01,8785911
245,38,ROBO A CUENTAHABIENTE C.V.,2020-02,8785911
246,42,ROBO A CUENTAHABIENTE C.V.,2020-03,8785911
247,15,ROBO A CUENTAHABIENTE C.V.,2020-04,8785911
248,17,ROBO A CUENTAHABIENTE C.V.,2020-05,8785911
249,16,ROBO A CUENTAHABIENTE C.V.,2020-06,8785911
250,29,ROBO A CUENTAHABIENTE C.V.,2020-07,8785911
251,32,ROBO A CUENTAHABIENTE C.V.,2020-08,8785911
252,21,ROBO A CUENTAHABIENTE C.V.,2020-09,8785911
253,35,ROBO A CUENTAHABIENTE C.V.,2020-10,8785911
254,30,ROBO A CUENTAHABIENTE C.V.,2020-11,8785911
255,42,ROBO A CUENTAHABIENTE C.V.,2020-12,8785911
256,31,ROBO A CUENTAHABIENTE C.V.,2021-01,8785911
257,35,ROBO A CUENTAHABIENTE C.V.,2021-02,8785911
258,33,ROBO A CUENTAHABIENTE C.V.,2021-03,8785911
259,37,ROBO A CUENTAHABIENTE C.V.,2021-04,8785911
260,25,ROBO A CUENTAHABIENTE C.V.,2021-05,8785911
261,607,ROBO A NEGOCIO C.V.,2019-01,8785911
262,468,ROBO A NEGOCIO C.V.,2019-02,8785911
263,465,ROBO A NEGOCIO C.V.,2019-03,8785911
264,436,ROBO A NEGOCIO C.V.,2019-04,8785911
265,411,ROBO A NEGOCIO C.V.,2019-05,8785911
266,378,ROBO A NEGOCIO C.V.,2019-06,8785911
267,475,ROBO A NEGOCIO C.V.,2019-07,8785911
268,403,ROBO A NEGOCIO C.V.,2019-08,8785911
269,412,ROBO A NEGOCIO C.V.,2019-09,8785911
270,385,ROBO A NEGOCIO C.V.,2019-10,8785911
271,354,ROBO A NEGOCIO C.V.,2019-11,8785911
272,339,ROBO A NEGOCIO C.V.,2019-12,8785911
273,315,ROBO A NEGOCIO C.V.,2020-01,8785911
274,334,ROBO A NEGOCIO C.V.,2020-02,8785911
275,384,ROBO A NEGOCIO C.V.,2020-03,8785911
276,309,ROBO A NEGOCIO C.V.,2020-04,8785911
277,303,ROBO A NEGOCIO C.V.,2020-05,8785911
278,261,ROBO A NEGOCIO C.V.,2020-06,8785911
279,280,ROBO A NEGOCIO C.V.,2020-07,8785911
280,249,ROBO A NEGOCIO C.V.,2020-08,8785911
281,221,ROBO A NEGOCIO C.V.,2020-09,8785911
282,271,ROBO A NEGOCIO C.V.,2020-10,8785911
283,286,ROBO A NEGOCIO C.V.,2020-11,8785911
284,282,ROBO A NEGOCIO C.V.,2020-12,8785911
285,262,ROBO A NEGOCIO C.V.,2021-01,8785911
286,226,ROBO A NEGOCIO C.V.,2021-02,8785911
287,225,ROBO A NEGOCIO C.V.,2021-03,8785911
288,232,ROBO A NEGOCIO C.V.,2021-04,8785911
289,210,ROBO A NEGOCIO C.V.,2021-05,8785911
290,279,ROBO A REPARTIDOR C.V.,2019-01,8785911
291,240,ROBO A REPARTIDOR C.V.,2019-02,8785911
292,271,ROBO A REPARTIDOR C.V.,2019-03,8785911
293,218,ROBO A REPARTIDOR C.V.,2019-04,8785911
294,235,ROBO A REPARTIDOR C.V.,2019-05,8785911
295,193,ROBO A REPARTIDOR C.V.,2019-06,8785911
296,194,ROBO A REPARTIDOR C.V.,2019-07,8785911
297,248,ROBO A REPARTIDOR C.V.,2019-08,8785911
298,222,ROBO A REPARTIDOR C.V.,2019-09,8785911
299,257,ROBO A REPARTIDOR C.V.,2019-10,8785911
300,209,ROBO A REPARTIDOR C.V.,2019-11,8785911
301,202,ROBO A REPARTIDOR C.V.,2019-12,8785911
302,182,ROBO A REPARTIDOR C.V.,2020-01,8785911
303,199,ROBO A REPARTIDOR C.V.,2020-02,8785911
304,159,ROBO A REPARTIDOR C.V.,2020-03,8785911
305,146,ROBO A REPARTIDOR C.V.,2020-04,8785911
306,114,ROBO A REPARTIDOR C.V.,2020-05,8785911
307,133,ROBO A REPARTIDOR C.V.,2020-06,8785911
308,120,ROBO A REPARTIDOR C.V.,2020-07,8785911
309,139,ROBO A REPARTIDOR C.V.,2020-08,8785911
310,152,ROBO A REPARTIDOR C.V.,2020-09,8785911
311,156,ROBO A REPARTIDOR C.V.,2020-10,8785911
312,152,ROBO A REPARTIDOR C.V.,2020-11,8785911
313,183,ROBO A REPARTIDOR C.V.,2020-12,8785911
314,158,ROBO A REPARTIDOR C.V.,2021-01,8785911
315,146,ROBO A REPARTIDOR C.V.,2021-02,8785911
316,171,ROBO A REPARTIDOR C.V.,2021-03,8785911
317,113,ROBO A REPARTIDOR C.V.,2021-04,8785911
318,111,ROBO A REPARTIDOR C.V.,2021-05,8785911
319,64,ROBO A REPARTIDOR S.V.,2019-01,8785911
320,49,ROBO A REPARTIDOR S.V.,2019-02,8785911
321,54,ROBO A REPARTIDOR S.V.,2019-03,8785911
322,54,ROBO A REPARTIDOR S.V.,2019-04,8785911
323,44,ROBO A REPARTIDOR S.V.,2019-05,8785911
324,53,ROBO A REPARTIDOR S.V.,2019-06,8785911
325,48,ROBO A REPARTIDOR S.V.,2019-07,8785911
326,59,ROBO A REPARTIDOR S.V.,2019-08,8785911
327,69,ROBO A REPARTIDOR S.V.,2019-09,8785911
328,68,ROBO A REPARTIDOR S.V.,2019-10,8785911
329,87,ROBO A REPARTIDOR S.V.,2019-11,8785911
330,65,ROBO A REPARTIDOR S.V.,2019-12,8785911
331,49,ROBO A REPARTIDOR S.V.,2020-01,8785911
332,57,ROBO A REPARTIDOR S.V.,2020-02,8785911
333,57,ROBO A REPARTIDOR S.V.,2020-03,8785911
334,32,ROBO A REPARTIDOR S.V.,2020-04,8785911
335,42,ROBO A REPARTIDOR S.V.,2020-05,8785911
336,46,ROBO A REPARTIDOR S.V.,2020-06,8785911
337,34,ROBO A REPARTIDOR S.V.,2020-07,8785911
338,37,ROBO A REPARTIDOR S.V.,2020-08,8785911
339,47,ROBO A REPARTIDOR S.V.,2020-09,8785911
340,48,ROBO A REPARTIDOR S.V.,2020-10,8785911
341,46,ROBO A REPARTIDOR S.V.,2020-11,8785911
342,41,ROBO A REPARTIDOR S.V.,2020-12,8785911
343,52,ROBO A REPARTIDOR S.V.,2021-01,8785911
344,59,ROBO A REPARTIDOR S.V.,2021-02,8785911
345,59,ROBO A REPARTIDOR S.V.,2021-03,8785911
346,44,ROBO A REPARTIDOR S.V.,2021-04,8785911
347,39,ROBO A REPARTIDOR S.V.,2021-05,8785911
348,1092,ROBO A TRANSEUNTE C.V.,2019-01,8785911
349,1431,ROBO A TRANSEUNTE C.V.,2019-02,8785911
350,1352,ROBO A TRANSEUNTE C.V.,2019-03,8785911
351,1261,ROBO A TRANSEUNTE C.V.,2019-04,8785911
352,1229,ROBO A TRANSEUNTE C.V.,2019-05,8785911
353,1067,ROBO A TRANSEUNTE C.V.,2019-06,8785911
354,970,ROBO A TRANSEUNTE C.V.,2019-07,8785911
355,1098,ROBO A TRANSEUNTE C.V.,2019-08,8785911
356,989,ROBO A TRANSEUNTE C.V.,2019-09,8785911
357,1030,ROBO A TRANSEUNTE C.V.,2019-10,8785911
358,970,ROBO A TRANSEUNTE C.V.,2019-11,8785911
359,897,ROBO A TRANSEUNTE C.V.,2019-12,8785911
360,906,ROBO A TRANSEUNTE C.V.,2020-01,8785911
361,917,ROBO A TRANSEUNTE C.V.,2020-02,8785911
362,895,ROBO A TRANSEUNTE C.V.,2020-03,8785911
363,515,ROBO A TRANSEUNTE C.V.,2020-04,8785911
364,525,ROBO A TRANSEUNTE C.V.,2020-05,8785911
365,532,ROBO A TRANSEUNTE C.V.,2020-06,8785911
366,685,ROBO A TRANSEUNTE C.V.,2020-07,8785911
367,726,ROBO A TRANSEUNTE C.V.,2020-08,8785911
368,683,ROBO A TRANSEUNTE C.V.,2020-09,8785911
369,767,ROBO A TRANSEUNTE C.V.,2020-10,8785911
370,737,ROBO A TRANSEUNTE C.V.,2020-11,8785911
371,773,ROBO A TRANSEUNTE C.V.,2020-12,8785911
372,728,ROBO A TRANSEUNTE C.V.,2021-01,8785911
373,767,ROBO A TRANSEUNTE C.V.,2021-02,8785911
374,743,ROBO A TRANSEUNTE C.V.,2021-03,8785911
375,639,ROBO A TRANSEUNTE C.V.,2021-04,8785911
376,662,ROBO A TRANSEUNTE C.V.,2021-05,8785911
377,127,ROBO A TRANSEUNTE S.V.,2019-01,8785911
378,214,ROBO A TRANSEUNTE S.V.,2019-02,8785911
379,227,ROBO A TRANSEUNTE S.V.,2019-03,8785911
380,178,ROBO A TRANSEUNTE S.V.,2019-04,8785911
381,175,ROBO A TRANSEUNTE S.V.,2019-05,8785911
382,153,ROBO A TRANSEUNTE S.V.,2019-06,8785911
383,141,ROBO A TRANSEUNTE S.V.,2019-07,8785911
384,158,ROBO A TRANSEUNTE S.V.,2019-08,8785911
385,139,ROBO A TRANSEUNTE S.V.,2019-09,8785911
386,165,ROBO A TRANSEUNTE S.V.,2019-10,8785911
387,198,ROBO A TRANSEUNTE S.V.,2019-11,8785911
388,167,ROBO A TRANSEUNTE S.V.,2019-12,8785911
389,174,ROBO A TRANSEUNTE S.V.,2020-01,8785911
390,138,ROBO A TRANSEUNTE S.V.,2020-02,8785911
391,140,ROBO A TRANSEUNTE S.V.,2020-03,8785911
392,85,ROBO A TRANSEUNTE S.V.,2020-04,8785911
393,77,ROBO A TRANSEUNTE S.V.,2020-05,8785911
394,90,ROBO A TRANSEUNTE S.V.,2020-06,8785911
395,130,ROBO A TRANSEUNTE S.V.,2020-07,8785911
396,133,ROBO A TRANSEUNTE S.V.,2020-08,8785911
397,164,ROBO A TRANSEUNTE S.V.,2020-09,8785911
398,148,ROBO A TRANSEUNTE S.V.,2020-10,8785911
399,148,ROBO A TRANSEUNTE S.V.,2020-11,8785911
400,148,ROBO A TRANSEUNTE S.V.,2020-12,8785911
401,130,ROBO A TRANSEUNTE S.V.,2021-01,8785911
402,141,ROBO A TRANSEUNTE S.V.,2021-02,8785911
403,171,ROBO A TRANSEUNTE S.V.,2021-03,8785911
404,125,ROBO A TRANSEUNTE S.V.,2021-04,8785911
405,136,ROBO A TRANSEUNTE S.V.,2021-05,8785911
406,10,ROBO A TRANSPORTISTA C.V.,2019-01,8785911
407,13,ROBO A TRANSPORTISTA C.V.,2019-02,8785911
408,11,ROBO A TRANSPORTISTA C.V.,2019-03,8785911
409,8,ROBO A TRANSPORTISTA C.V.,2019-04,8785911
410,11,ROBO A TRANSPORTISTA C.V.,2019-05,8785911
411,10,ROBO A TRANSPORTISTA C.V.,2019-06,8785911
412,9,ROBO A TRANSPORTISTA C.V.,2019-07,8785911
413,9,ROBO A TRANSPORTISTA C.V.,2019-08,8785911
414,10,ROBO A TRANSPORTISTA C.V.,2019-09,8785911
415,11,ROBO A TRANSPORTISTA C.V.,2019-10,8785911
416,17,ROBO A TRANSPORTISTA C.V.,2019-11,8785911
417,7,ROBO A TRANSPORTISTA C.V.,2019-12,8785911
418,5,ROBO A TRANSPORTISTA C.V.,2020-01,8785911
419,7,ROBO A TRANSPORTISTA C.V.,2020-02,8785911
420,7,ROBO A TRANSPORTISTA C.V.,2020-03,8785911
421,5,ROBO A TRANSPORTISTA C.V.,2020-04,8785911
422,7,ROBO A TRANSPORTISTA C.V.,2020-05,8785911
423,7,ROBO A TRANSPORTISTA C.V.,2020-06,8785911
424,13,ROBO A TRANSPORTISTA C.V.,2020-07,8785911
425,4,ROBO A TRANSPORTISTA C.V.,2020-08,8785911
426,8,ROBO A TRANSPORTISTA C.V.,2020-09,8785911
427,10,ROBO A TRANSPORTISTA C.V.,2020-10,8785911
428,9,ROBO A TRANSPORTISTA C.V.,2020-11,8785911
429,7,ROBO A TRANSPORTISTA C.V.,2020-12,8785911
430,10,ROBO A TRANSPORTISTA C.V.,2021-01,8785911
431,9,ROBO A TRANSPORTISTA C.V.,2021-02,8785911
432,7,ROBO A TRANSPORTISTA C.V.,2021-03,8785911
433,7,ROBO A TRANSPORTISTA C.V.,2021-04,8785911
434,4,ROBO A TRANSPORTISTA C.V.,2021-05,8785911
435,0,ROBO A TRANSPORTISTA S.V.,2019-01,8785911
436,0,ROBO A TRANSPORTISTA S.V.,2019-02,8785911
437,0,ROBO A TRANSPORTISTA S.V.,2019-03,8785911
438,1,ROBO A TRANSPORTISTA S.V.,2019-04,8785911
439,1,ROBO A TRANSPORTISTA S.V.,2019-05,8785911
440,0,ROBO A TRANSPORTISTA S.V.,2019-06,8785911
441,1,ROBO A TRANSPORTISTA S.V.,2019-07,8785911
442,0,ROBO A TRANSPORTISTA S.V.,2019-08,8785911
443,1,ROBO A TRANSPORTISTA S.V.,2019-09,8785911
444,0,ROBO A TRANSPORTISTA S.V.,2019-10,8785911
445,2,ROBO A TRANSPORTISTA S.V.,2019-11,8785911
446,1,ROBO A TRANSPORTISTA S.V.,2019-12,8785911
447,0,ROBO A TRANSPORTISTA S.V.,2020-01,8785911
448,0,ROBO A TRANSPORTISTA S.V.,2020-02,8785911
449,1,ROBO A TRANSPORTISTA S.V.,2020-03,8785911
450,0,ROBO A TRANSPORTISTA S.V.,2020-04,8785911
451,0,ROBO A TRANSPORTISTA S.V.,2020-05,8785911
452,0,ROBO A TRANSPORTISTA S.V.,2020-06,8785911
453,0,ROBO A TRANSPORTISTA S.V.,2020-07,8785911
454,0,ROBO A TRANSPORTISTA S.V.,2020-08,8785911
455,1,ROBO A TRANSPORTISTA S.V.,2020-09,8785911
456,0,ROBO A TRANSPORTISTA S.V.,2020-10,8785911
457,0,ROBO A TRANSPORTISTA S.V.,2020-11,8785911
458,0,ROBO A TRANSPORTISTA S.V.,2020-12,8785911
459,1,ROBO A TRANSPORTISTA S.V.,2021-01,8785911
460,0,ROBO A TRANSPORTISTA S.V.,2021-02,8785911
461,3,ROBO A TRANSPORTISTA S.V.,2021-03,8785911
462,1,ROBO A TRANSPORTISTA S.V.,2021-04,8785911
463,0,ROBO A TRANSPORTISTA S.V.,2021-05,8785911
464,419,ROBO DE VEHICULO AUTOMOTOR C.V.,2019-01,8785911
465,341,ROBO DE VEHICULO AUTOMOTOR C.V.,2019-02,8785911
466,423,ROBO DE VEHICULO AUTOMOTOR C.V.,2019-03,8785911
467,428,ROBO DE VEHICULO AUTOMOTOR C.V.,2019-04,8785911
468,412,ROBO DE VEHICULO AUTOMOTOR C.V.,2019-05,8785911
469,372,ROBO DE VEHICULO AUTOMOTOR C.V.,2019-06,8785911
470,360,ROBO DE VEHICULO AUTOMOTOR C.V.,2019-07,8785911
471,345,ROBO DE VEHICULO AUTOMOTOR C.V.,2019-08,8785911
472,336,ROBO DE VEHICULO AUTOMOTOR C.V.,2019-09,8785911
473,341,ROBO DE VEHICULO AUTOMOTOR C.V.,2019-10,8785911
474,335,ROBO DE VEHICULO AUTOMOTOR C.V.,2019-11,8785911
475,311,ROBO DE VEHICULO AUTOMOTOR C.V.,2019-12,8785911
476,332,ROBO DE VEHICULO AUTOMOTOR C.V.,2020-01,8785911
477,322,ROBO DE VEHICULO AUTOMOTOR C.V.,2020-02,8785911
478,353,ROBO DE VEHICULO AUTOMOTOR C.V.,2020-03,8785911
479,278,ROBO DE VEHICULO AUTOMOTOR C.V.,2020-04,8785911
480,267,ROBO DE VEHICULO AUTOMOTOR C.V.,2020-05,8785911
481,305,ROBO DE VEHICULO AUTOMOTOR C.V.,2020-06,8785911
482,290,ROBO DE VEHICULO AUTOMOTOR C.V.,2020-07,8785911
483,216,ROBO DE VEHICULO AUTOMOTOR C.V.,2020-08,8785911
484,229,ROBO DE VEHICULO AUTOMOTOR C.V.,2020-09,8785911
485,289,ROBO DE VEHICULO AUTOMOTOR C.V.,2020-10,8785911
486,252,ROBO DE VEHICULO AUTOMOTOR C.V.,2020-11,8785911
487,234,ROBO DE VEHICULO AUTOMOTOR C.V.,2020-12,8785911
488,226,ROBO DE VEHICULO AUTOMOTOR C.V.,2021-01,8785911
489,215,ROBO DE VEHICULO AUTOMOTOR C.V.,2021-02,8785911
490,198,ROBO DE VEHICULO AUTOMOTOR C.V.,2021-03,8785911
491,199,ROBO DE VEHICULO AUTOMOTOR C.V.,2021-04,8785911
492,192,ROBO DE VEHICULO AUTOMOTOR C.V.,2021-05,8785911
493,824,ROBO DE VEHICULO AUTOMOTOR S.V.,2019-01,8785911
494,757,ROBO DE VEHICULO AUTOMOTOR S.V.,2019-02,8785911
495,742,ROBO DE VEHICULO AUTOMOTOR S.V.,2019-03,8785911
496,747,ROBO DE VEHICULO AUTOMOTOR S.V.,2019-04,8785911
497,795,ROBO DE VEHICULO AUTOMOTOR S.V.,2019-05,8785911
498,737,ROBO DE VEHICULO AUTOMOTOR S.V.,2019-06,8785911
499,696,ROBO DE VEHICULO AUTOMOTOR S.V.,2019-07,8785911
500,681,ROBO DE VEHICULO AUTOMOTOR S.V.,2019-08,8785911
501,688,ROBO DE VEHICULO AUTOMOTOR S.V.,2019-09,8785911
502,712,ROBO DE VEHICULO AUTOMOTOR S.V.,2019-10,8785911
503,711,ROBO DE VEHICULO AUTOMOTOR S.V.,2019-11,8785911
504,638,ROBO DE VEHICULO AUTOMOTOR S.V.,2019-12,8785911
505,701,ROBO DE VEHICULO AUTOMOTOR S.V.,2020-01,8785911
506,680,ROBO DE VEHICULO AUTOMOTOR S.V.,2020-02,8785911
507,662,ROBO DE VEHICULO AUTOMOTOR S.V.,2020-03,8785911
508,471,ROBO DE VEHICULO AUTOMOTOR S.V.,2020-04,8785911
509,477,ROBO DE VEHICULO AUTOMOTOR S.V.,2020-05,8785911
510,519,ROBO DE VEHICULO AUTOMOTOR S.V.,2020-06,8785911
511,558,ROBO DE VEHICULO AUTOMOTOR S.V.,2020-07,8785911
512,568,ROBO DE VEHICULO AUTOMOTOR S.V.,2020-08,8785911
513,530,ROBO DE VEHICULO AUTOMOTOR S.V.,2020-09,8785911
514,544,ROBO DE VEHICULO AUTOMOTOR S.V.,2020-10,8785911
515,568,ROBO DE VEHICULO AUTOMOTOR S.V.,2020-11,8785911
516,513,ROBO DE VEHICULO AUTOMOTOR S.V.,2020-12,8785911
517,470,ROBO DE VEHICULO AUTOMOTOR S.V.,2021-01,8785911
518,426,ROBO DE VEHICULO AUTOMOTOR S.V.,2021-02,8785911
519,456,ROBO DE VEHICULO AUTOMOTOR S.V.,2021-03,8785911
520,432,ROBO DE VEHICULO AUTOMOTOR S.V.,2021-04,8785911
521,390,ROBO DE VEHICULO AUTOMOTOR S.V.,2021-05,8785911
522,17,SECUESTRO,2019-01,8785911
523,2,SECUESTRO,2019-02,8785911
524,7,SECUESTRO,2019-03,8785911
525,1,SECUESTRO,2019-04,8785911
526,7,SECUESTRO,2019-05,8785911
527,7,SECUESTRO,2019-06,8785911
528,8,SECUESTRO,2019-07,8785911
529,4,SECUESTRO,2019-08,8785911
530,1,SECUESTRO,2019-09,8785911
531,5,SECUESTRO,2019-10,8785911
532,3,SECUESTRO,2019-11,8785911
533,3,SECUESTRO,2019-12,8785911
534,4,SECUESTRO,2020-01,8785911
535,3,SECUESTRO,2020-02,8785911
536,1,SECUESTRO,2020-03,8785911
537,4,SECUESTRO,2020-04,8785911
538,3,SECUESTRO,2020-05,8785911
539,1,SECUESTRO,2020-06,8785911
540,5,SECUESTRO,2020-07,8785911
541,1,SECUESTRO,2020-08,8785911
542,0,SECUESTRO,2020-09,8785911
543,4,SECUESTRO,2020-10,8785911
544,3,SECUESTRO,2020-11,8785911
545,0,SECUESTRO,2020-12,8785911
546,1,SECUESTRO,2021-01,8785911
547,1,SECUESTRO,2021-02,8785911
548,0,SECUESTRO,2021-03,8785911
549,1,SECUESTRO,2021-04,8785911
550,0,SECUESTRO,2021-05,8785911
551,97,VIOLACION,2019-01,8785911
552,109,VIOLACION,2019-02,8785911
553,128,VIOLACION,2019-03,8785911
554,143,VIOLACION,2019-04,8785911
555,126,VIOLACION,2019-05,8785911
556,109,VIOLACION,2019-06,8785911
557,121,VIOLACION,2019-07,8785911
558,130,VIOLACION,2019-08,8785911
559,142,VIOLACION,2019-09,8785911
560,165,VIOLACION,2019-10,8785911
561,130,VIOLACION,2019-11,8785911
562,115,VIOLACION,2019-12,8785911
563,143,VIOLACION,2020-01,8785911
564,148,VIOLACION,2020-02,8785911
565,147,VIOLACION,2020-03,8785911
566,88,VIOLACION,2020-04,8785911
567,89,VIOLACION,2020-05,8785911
568,113,VIOLACION,2020-06,8785911
569,113,VIOLACION,2020-07,8785911
570,115,VIOLACION,2020-08,8785911
571,139,VIOLACION,2020-09,8785911
572,134,VIOLACION,2020-10,8785911
573,117,VIOLACION,2020-11,8785911
574,115,VIOLACION,2020-12,8785911
575,108,VIOLACION,2021-01,8785911
576,116,VIOLACION,2021-02,8785911
577,148,VIOLACION,2021-03,8785911
578,132,VIOLACION,2021-04,8785911
579,149,VIOLACION,2021-05,8785911
